[30Sep2026 03:20:21.327] [main/INFO] [cpw.mods.modlauncher.Launcher/MODLAUNCHER]: ModLauncher running: args [--launchTarget, forgeserver, --fml.forgeVersion, 47.3.7, --fml.mcVersion, 1.20.1, --fml.forgeGroup, net.minecraftforge, --fml.mcpVersion, 20230612.114412, nogui]
[30Sep2026 03:20:21.331] [main/INFO] [cpw.mods.modlauncher.Launcher/MODLAUNCHER]: ModLauncher 10.0.9+10.0.9+main.dcd20f30 starting: java version 17.0.20.1 by Ubuntu; OS Linux arch amd64 version 6.8.0-1064-azure
[30Sep2026 03:20:34.596] [main/INFO] [net.minecraftforge.fml.loading.ImmediateWindowHandler/]: ImmediateWindowProvider not loading because launch target is forgeserver
[30Sep2026 03:20:34.743] [main/INFO] [mixin/]: SpongePowered MIXIN Subsystem Version=0.8.5 Source=union:/workspaces/Fantasy/servidor_minecraft/libraries/org/spongepowered/mixin/0.8.5/mixin-0.8.5.jar%2365!/ Service=ModLauncher Env=SERVER
[30Sep2026 03:20:35.583] [main/WARN] [net.minecraftforge.fml.loading.moddiscovery.ModFileParser/LOADING]: Mod file /workspaces/Fantasy/servidor_minecraft/libraries/net/minecraftforge/fmlcore/1.20.1-47.3.7/fmlcore-1.20.1-47.3.7.jar is missing mods.toml file
[30Sep2026 03:20:35.585] [main/WARN] [net.minecraftforge.fml.loading.moddiscovery.ModFileParser/LOADING]: Mod file /workspaces/Fantasy/servidor_minecraft/libraries/net/minecraftforge/javafmllanguage/1.20.1-47.3.7/javafmllanguage-1.20.1-47.3.7.jar is missing mods.toml file
[30Sep2026 03:20:35.586] [main/WARN] [net.minecraftforge.fml.loading.moddiscovery.ModFileParser/LOADING]: Mod file /workspaces/Fantasy/servidor_minecraft/libraries/net/minecraftforge/lowcodelanguage/1.20.1-47.3.7/lowcodelanguage-1.20.1-47.3.7.jar is missing mods.toml file
[30Sep2026 03:20:35.587] [main/WARN] [net.minecraftforge.fml.loading.moddiscovery.ModFileParser/LOADING]: Mod file /workspaces/Fantasy/servidor_minecraft/libraries/net/minecraftforge/mclanguage/1.20.1-47.3.7/mclanguage-1.20.1-47.3.7.jar is missing mods.toml file
[30Sep2026 03:20:36.156] [main/WARN] [net.minecraftforge.jarjar.selection.JarSelector/]: Attempted to select two dependency jars from JarJar which have the same identification: Mod File:  and Mod File: . Using Mod File: 
[30Sep2026 03:20:36.157] [main/WARN] [net.minecraftforge.jarjar.selection.JarSelector/]: Attempted to select a dependency jar for JarJar which was passed in as source: curios. Using Mod File: /workspaces/Fantasy/servidor_minecraft/mods/curios-forge-5.11.0+1.20.1.jar
[30Sep2026 03:20:36.158] [main/INFO] [net.minecraftforge.fml.loading.moddiscovery.JarInJarDependencyLocator/]: Found 12 dependencies adding them to mods collection
[30Sep2026 03:20:40.631] [main/INFO] [mixin/]: Compatibility level set to JAVA_17
[30Sep2026 03:20:40.764] [main/ERROR] [mixin/]: Mixin config lolenderite.mixins.json does not specify "minVersion" property
[30Sep2026 03:20:41.232] [main/INFO] [mixin/]: Successfully loaded Mixin Connector [ca.spottedleaf.starlight.mixin.MixinConnector]
[30Sep2026 03:20:41.232] [main/INFO] [cpw.mods.modlauncher.LaunchServiceHandler/MODLAUNCHER]: Launching target 'forgeserver' with arguments [nogui]
[30Sep2026 03:20:41.280] [main/WARN] [mixin/]: Reference map 'naturalist-forge-forge-refmap.json' for naturalist.mixins.json could not be read. If this is a development environment you can ignore this message
[30Sep2026 03:20:41.556] [main/INFO] [ModernFix/]: Loaded configuration file for ModernFix 5.19.4+mc1.20.1: 84 options available, 0 override(s) found
[30Sep2026 03:20:41.557] [main/INFO] [ModernFix/]: Applying Nashorn fix
[30Sep2026 03:20:41.570] [main/INFO] [ModernFix/]: Applied Forge config corruption patch
[30Sep2026 03:20:41.920] [main/INFO] [Embeddium/]: Loaded configuration file for Embeddium: 188 options available, 0 override(s) found
[30Sep2026 03:20:41.973] [main/WARN] [mixin/]: Reference map 'yungsextras.refmap.json' for yungsextras.mixins.json could not be read. If this is a development environment you can ignore this message
[30Sep2026 03:20:41.976] [main/WARN] [mixin/]: Reference map 'yungsextras.refmap.json' for yungsextras_forge.mixins.json could not be read. If this is a development environment you can ignore this message
[30Sep2026 03:20:42.138] [main/WARN] [mixin/]: Reference map 'nitrogen_internals.refmap.json' for nitrogen_internals.mixins.json could not be read. If this is a development environment you can ignore this message
[30Sep2026 03:20:42.389] [main/INFO] [Radium Config/]: Loaded configuration file for Radium: 125 options available, 1 override(s) found
[30Sep2026 03:20:42.420] [main/WARN] [mixin/]: Reference map 'graveyard-FORGE-forge-refmap.json' for graveyard-forge.mixins.json could not be read. If this is a development environment you can ignore this message
[30Sep2026 03:20:42.453] [main/WARN] [mixin/]: Reference map 'knightlib.refmap.json' for knightlib.mixins.json could not be read. If this is a development environment you can ignore this message
[30Sep2026 03:20:42.454] [main/WARN] [mixin/]: Reference map 'knightlib.refmap.json' for knightlib.forge.mixins.json could not be read. If this is a development environment you can ignore this message
[30Sep2026 03:20:42.537] [main/WARN] [mixin/]: Reference map 'simplyswords-forge-refmap.json' for simplyswords.mixins.json could not be read. If this is a development environment you can ignore this message
[30Sep2026 03:20:42.585] [main/WARN] [mixin/]: Reference map 'mvs-forge-refmap.json' for mvs-forge.mixins.json could not be read. If this is a development environment you can ignore this message
[30Sep2026 03:20:42.683] [main/INFO] [Puzzles Lib/]: Loading 143 mods:
	- aether 1.20.1-1.5.2-neoforge
		|-- cumulus_menus 1.20.1-1.0.1-neoforge
		|-- mixinextras 0.2.0-beta.9
		\-- nitrogen_internals 1.20.1-1.0.12-neoforge
	- ancient_elements 1.3.4
	- appleskin 2.5.1+mc1.20.1
	- aquamirae 6.API15
	- architectury 9.2.14
	- attributefix 21.0.4
	- awesomedungeon 3.2.0
	- awesomedungeonend 3.1.1
	- awesomedungeonnether 3.1.1
	- awesomedungeonocean 3.3.0
	- balm 7.3.10
		\-- kuma_api 20.1.9-SNAPSHOT
	- betteradvancements 0.4.2.10
	- bettercombat 1.8.6+1.20.1
	- betterdeserttemples 1.20-Forge-3.0.3
	- betterdungeons 1.20-Forge-4.0.4
	- betterendisland 1.20-Forge-2.0.6
	- betterfortresses 1.20-Forge-2.0.6
	- betterjungletemples 1.20-Forge-2.0.5
	- bettermineshafts 1.20-Forge-4.0.4
	- betteroceanmonuments 1.20-Forge-3.0.4
	- betterstrongholds 1.20-Forge-4.0.3
	- bettervillage 3.2.0
	- betterwitchhuts 1.20-Forge-3.0.3
	- biomesoplenty 18.0.0.592
	- bosses_of_mass_destruction 1.1.1
	- castle_dungeons 4.0.0
	- cataclysm 2.27
	- cerbons_api 1.0.0
	- citadel 2.6.1
	- cloth_config 11.1.136
	- clumps 12.0.0.4
	- corpse 1.20.1-1.0.19
	- craftableenchantedgoldenapple 1.20.1-0.1
	- creativecore 2.12.27
	- cupboard 1.20.1-2.7
	- curios 5.11.0+1.20.1
	- disenchanting 2.2.3
	- dungeoncrawl 2.3.14
	- dungeonnowloading 1.5
	- dungeons_arise 2.1.58-1.20.x
	- dungeons_arise_seven_seas 1.0.2
	- dungeons_enhanced 5.2.2
	- dungeons_plus 1.5.0
	- dynamiclights 1.20.1.2
	- easy_villagers 1.20.1-1.1.39
	- easymagic 8.0.1
	- eeeabsmobs 1.20.1-0.96.1
	- embeddium 0.3.31+mc1.20.1
		\-- rubidium 0.7.1
	- embeddiumplus 1.2.13
	- entityculling 1.6.6
	- explorerscompass 1.20.1-1.3.3-forge
	- faded_conquest_2 1.3.0
	- fallingtree 4.3.4
	- ferritecore 6.0.1
	- forge 47.3.7
	- formations 1.0.3
	- formationsnether 1.0.5
	- formationsoverworld 1.0.4
	- framework 0.7.12
	- ftblibrary 2001.2.13
	- ftbteams 2001.3.2
	- geckolib 4.4.9
	- glitchcore 0.0.1.1
	- goblintraders 1.9.3
	- graveyard 3.1
	- hearths 1.0.1
	- hoporp 1.3.7
	- hopour 1.1.4
	- iceandfire 2.1.13-1.20.1
	- immediatelyfast 1.3.0+1.20.4
	- immersive_melodies 0.3.0+1.20.1
	- incendium 5.3.5
	- inventoryhud 3.4.26
	- inventoryprofilesnext 1.10.11
	- ironbows 1.20.1-FORGE-1.10
	- itemphysic 1.8.2
	- jade 11.11.1+forge
	- jei 15.19.5.99
	- jeiintegration 10.0.0
	- knightlib 1.0.2
	- knightquest 1.7.4-forge
	- kotlinforforge 4.11.0
	- legendary_monsters 1.20.1
	- libipn 4.0.2
	- libraryferret 4.0.0
	- lionfishapi 2.4-Fix
	- lolenderite 2.0.0 - 1.20.1
	- lolgilded 1.3.0 - 1.20.1
	- medieval_buildings 1.0.2
	- medievalend 1.0.1
	- memoryleakfix 1.1.5
	- minecraft 1.20.1
	- modernfix 5.19.4+mc1.20.1
	- morebows 1.0.13
	- mowziesmobs 1.6.4
	- mr_dungeons_andtaverns 3.0.3.f
	- mvs 4.1.4-1.20-forge
	- naturalist 4.0.3
	- naturescompass 1.20.1-1.11.2-forge
	- nethervillagertrader 1.2.0
	- obscure_api 15
	- oceanvillagertrader 2.0.2
	- paraglider 20.1.3
	- pickupnotifier 8.0.0
	- playeranimator 1.0.2-rc1+1.20
	- playerrevive 2.0.30
	- projectile_damage 3.2.2+1.20.1
	- puzzleslib 8.1.25
		\-- puzzlesaccessapi 8.0.7
	- radium 0.12.4+git.26c9d8e
	- repurposed_structures 7.1.15+1.20.1-forge
	- securitycraft 1.9.12
	- simplyswords 1.56.0-1.20.1
	- skinlayers3d 1.7.4
	- sophisticatedbackpacks 3.20.17.1150
	- sophisticatedcore 1.0.1.809
	- soulsweapons 1.1.5-1.20.1-forge}
	- stalwart_dungeons 1.2.8
	- starlight 1.1.2+forge.1cda73c
	- strayed_fates_forsaken 1.1.3.2
	- structory 1.3.5
	- structory_towers 1.0.7
	- structure_gel 2.16.2
	- structureessentials 1.20.1-3.4
	- terrablender 3.0.1.7
	- terralith 2.5.4
	- too_many_bows 2.1.4
	- totw_additions 1.3.1
	- totw_modded 1.0.5
	- visualworkbench 8.0.0
	- waystones 14.1.6
	- weaponmaster_ydm 4.2.3
	- wi_zoom 1.5-MC1.20.1-Forge
	- xaerominimap 25.2.10
	- xaeroworldmap 1.39.12
	- yungsapi 1.20-Forge-4.0.6
	- yungsbridges 1.20-Forge-4.0.3
	- yungscavebiomes 1.20.1-Forge-2.0.1
	- yungsextras 1.20-Forge-4.0.3
[30Sep2026 03:20:42.694] [main/WARN] [mixin/]: Reference map 'Aquamirae.refmap.json' for aquamirae.mixins.json could not be read. If this is a development environment you can ignore this message
[30Sep2026 03:20:43.597] [main/INFO] [com.cupboard.Cupboard/]: Loaded config for: structureessentials.json
[30Sep2026 03:20:44.310] [main/WARN] [Radium Config/]: Force-disabling mixin 'alloc.blockstate.StateMixin' as option 'mixin.alloc.blockstate' (added by mods [ferritecore]) disables it and children
[30Sep2026 03:20:44.861] [main/INFO] [memoryleakfix/]: [MemoryLeakFix] Will be applying 1 memory leak fixes!
[30Sep2026 03:20:44.861] [main/INFO] [memoryleakfix/]: [MemoryLeakFix] Currently enabled memory leak fixes: [biomeTemperatureLeak]
[30Sep2026 03:20:45.383] [main/INFO] [MixinExtras|Service/]: Initializing MixinExtras via com.llamalad7.mixinextras.service.MixinExtrasServiceImpl(version=0.4.1).
[30Sep2026 03:20:46.042] [main/INFO] [net.minecraft.server.Bootstrap/]: ModernFix reached bootstrap stage (39.29 s after launch)
[30Sep2026 03:20:46.290] [main/WARN] [mixin/]: @Final field delegatesByName:Ljava/util/Map; in modernfix-forge.mixins.json:perf.forge_registry_alloc.ForgeRegistryMixin should be final
[30Sep2026 03:20:46.291] [main/WARN] [mixin/]: @Final field delegatesByValue:Ljava/util/Map; in modernfix-forge.mixins.json:perf.forge_registry_alloc.ForgeRegistryMixin should be final
[30Sep2026 03:20:46.512] [main/INFO] [ModernFix/]: Injecting BlockStateBase cache population hook into getNeighborPathNodeType from me.jellysquid.mods.lithium.mixin.ai.pathing.AbstractBlockStateMixin
[30Sep2026 03:20:46.512] [main/INFO] [ModernFix/]: Injecting BlockStateBase cache population hook into getPathNodeType from me.jellysquid.mods.lithium.mixin.ai.pathing.AbstractBlockStateMixin
[30Sep2026 03:20:46.512] [main/INFO] [ModernFix/]: Injecting BlockStateBase cache population hook into getOpacityIfCached from ca.spottedleaf.starlight.mixin.common.blockstate.BlockStateBaseMixin
[30Sep2026 03:20:46.512] [main/INFO] [ModernFix/]: Injecting BlockStateBase cache population hook into isConditionallyFullOpaque from ca.spottedleaf.starlight.mixin.common.blockstate.BlockStateBaseMixin
[30Sep2026 03:20:46.513] [main/INFO] [ModernFix/]: Injecting BlockStateBase cache population hook into getAllFlags from me.jellysquid.mods.lithium.mixin.util.block_tracking.AbstractBlockStateMixin
[30Sep2026 03:20:48.623] [main/INFO] [net.minecraft.server.Bootstrap/]: Vanilla bootstrap took 2577 milliseconds
[30Sep2026 03:20:51.850] [main/WARN] [mixin/]: @ModifyConstant conflict. Skipping dungeonnowloading.forge.mixins.json:forge.structures.StructurePoolMixin->@ModifyConstant::dungeonnowloading_increaseWeightLimit(I)I with priority 1000, already redirected by yungsapi_forge.mixins.json:IncreaseStructureWeightLimitMixinForge->@ModifyConstant::yungsapi_increaseWeightLimit(I)I with priority 1000
[30Sep2026 03:20:51.941] [main/WARN] [mixin/]: Method overwrite conflict for m_47505_ in lithium.mixins.json:world.temperature_cache.BiomeMixin, previously written by org.embeddedt.modernfix.common.mixin.perf.remove_biome_temperature_cache.BiomeMixin. Skipping method.
[30Sep2026 03:20:53.102] [modloading-worker-0/INFO] [Puzzles Lib/]: Constructing common components for pickupnotifier:main
[30Sep2026 03:20:53.556] [modloading-worker-0/INFO] [com.aetherteam.cumulus.Cumulus/]: Disabling Cumulus as it is on server.
[30Sep2026 03:20:53.643] [modloading-worker-0/INFO] [dev.architectury.networking.forge.NetworkManagerImpl/]: Registering C2S receiver with id architectury:sync_ids
[30Sep2026 03:20:53.646] [modloading-worker-0/INFO] [com.cupboard.Cupboard/]: Loaded config for: cupboard.json
[30Sep2026 03:20:53.807] [modloading-worker-0/INFO] [dev.architectury.networking.forge.NetworkManagerImpl/]: Registering C2S receiver with id ftblibrary:edit_nbt_response
[30Sep2026 03:20:53.856] [modloading-worker-0/INFO] [dev.architectury.networking.forge.NetworkManagerImpl/]: Registering C2S receiver with id ftbteams:open_gui
[30Sep2026 03:20:53.857] [modloading-worker-0/INFO] [dev.architectury.networking.forge.NetworkManagerImpl/]: Registering C2S receiver with id ftbteams:update_settings
[30Sep2026 03:20:53.859] [modloading-worker-0/INFO] [dev.architectury.networking.forge.NetworkManagerImpl/]: Registering C2S receiver with id ftbteams:send_message
[30Sep2026 03:20:53.861] [modloading-worker-0/INFO] [dev.architectury.networking.forge.NetworkManagerImpl/]: Registering C2S receiver with id ftbteams:create_party
[30Sep2026 03:20:53.863] [modloading-worker-0/INFO] [dev.architectury.networking.forge.NetworkManagerImpl/]: Registering C2S receiver with id ftbteams:player_gui_operation
[30Sep2026 03:20:53.935] [modloading-worker-0/INFO] [Puzzles Lib/]: Constructing common components for easymagic:main
[30Sep2026 03:20:53.959] [modloading-worker-0/INFO] [Puzzles Lib/]: Constructing common components for visualworkbench:main
[30Sep2026 03:20:53.986] [modloading-worker-0/INFO] [com.jtorleonstudios.libraryferret.LibraryFerret/]: Initialize mod Library Ferret
[30Sep2026 03:20:54.009] [modloading-worker-0/INFO] [com.jtorleonstudios.libraryferret.LibraryFerret/]: Initialized mod Library Ferret
[30Sep2026 03:20:54.014] [modloading-worker-0/ERROR] [net.minecraftforge.eventbus.EventSubclassTransformer/EVENTBUS]: Could not find parent net/minecraft/client/renderer/entity/layers/RenderLayer for class com/obscuria/obscureapi/client/renderer/PatreonLayer in classloader cpw.mods.modlauncher.TransformingClassLoader@6c0b51da on thread Thread[modloading-worker-0,5,main]
[30Sep2026 03:20:54.014] [modloading-worker-0/ERROR] [net.minecraftforge.eventbus.EventSubclassTransformer/EVENTBUS]: An error occurred building event handler
java.lang.ClassNotFoundException: net.minecraft.client.renderer.entity.layers.RenderLayer
	at cpw.mods.cl.ModuleClassLoader.loadClass(ModuleClassLoader.java:141) ~[securejarhandler-2.1.10.jar:?]
	at java.lang.ClassLoader.loadClass(ClassLoader.java:525) ~[?:?]
	at net.minecraftforge.eventbus.EventSubclassTransformer.buildEvents(EventSubclassTransformer.java:97) ~[eventbus-6.0.5.jar%2352!/:?]
	at net.minecraftforge.eventbus.EventSubclassTransformer.transform(EventSubclassTransformer.java:48) ~[eventbus-6.0.5.jar%2352!/:?]
	at net.minecraftforge.eventbus.EventBusEngine.processClass(EventBusEngine.java:26) ~[eventbus-6.0.5.jar%2352!/:?]
	at net.minecraftforge.eventbus.service.ModLauncherService.processClassWithFlags(ModLauncherService.java:32) ~[eventbus-6.0.5.jar%2352!/:6.0.5+6.0.5+master.eb8e549b]
	at cpw.mods.modlauncher.LaunchPluginHandler.offerClassNodeToPlugins(LaunchPluginHandler.java:88) ~[modlauncher-10.0.9.jar%2355!/:?]
	at cpw.mods.modlauncher.ClassTransformer.transform(ClassTransformer.java:120) ~[modlauncher-10.0.9.jar%2355!/:?]
	at cpw.mods.modlauncher.TransformingClassLoader.maybeTransformClassBytes(TransformingClassLoader.java:50) ~[modlauncher-10.0.9.jar%2355!/:?]
	at cpw.mods.cl.ModuleClassLoader.readerToClass(ModuleClassLoader.java:113) ~[securejarhandler-2.1.10.jar:?]
	at cpw.mods.cl.ModuleClassLoader.lambda$findClass$15(ModuleClassLoader.java:219) ~[securejarhandler-2.1.10.jar:?]
	at cpw.mods.cl.ModuleClassLoader.loadFromModule(ModuleClassLoader.java:229) ~[securejarhandler-2.1.10.jar:?]
	at cpw.mods.cl.ModuleClassLoader.findClass(ModuleClassLoader.java:219) ~[securejarhandler-2.1.10.jar:?]
	at cpw.mods.cl.ModuleClassLoader.loadClass(ModuleClassLoader.java:135) ~[securejarhandler-2.1.10.jar:?]
	at java.lang.ClassLoader.loadClass(ClassLoader.java:525) ~[?:?]
	at java.lang.ClassLoader.defineClass0(Native Method) ~[?:?]
	at java.lang.System$2.defineClass(System.java:2324) ~[?:?]
	at java.lang.invoke.MethodHandles$Lookup$ClassDefiner.defineClass(MethodHandles.java:2439) ~[?:?]
	at java.lang.invoke.MethodHandles$Lookup$ClassDefiner.defineClassAsLookup(MethodHandles.java:2420) ~[?:?]
	at java.lang.invoke.MethodHandles$Lookup.defineHiddenClass(MethodHandles.java:2127) ~[?:?]
	at java.lang.invoke.InnerClassLambdaMetafactory.generateInnerClass(InnerClassLambdaMetafactory.java:407) ~[?:?]
	at java.lang.invoke.InnerClassLambdaMetafactory.spinInnerClass(InnerClassLambdaMetafactory.java:315) ~[?:?]
	at java.lang.invoke.InnerClassLambdaMetafactory.buildCallSite(InnerClassLambdaMetafactory.java:228) ~[?:?]
	at java.lang.invoke.LambdaMetafactory.metafactory(LambdaMetafactory.java:341) ~[?:?]
	at java.lang.invoke.BootstrapMethodInvoker.invoke(BootstrapMethodInvoker.java:134) ~[?:?]
	at java.lang.invoke.CallSite.makeSite(CallSite.java:315) ~[?:?]
	at java.lang.invoke.MethodHandleNatives.linkCallSiteImpl(MethodHandleNatives.java:281) ~[?:?]
	at java.lang.invoke.MethodHandleNatives.linkCallSite(MethodHandleNatives.java:271) ~[?:?]
	at com.obscuria.obscureapi.client.renderer.PatreonLayer$Mode.<clinit>(PatreonLayer.java:55) ~[obscure_api-15.jar%23325!/:com.obscuria]
	at com.obscuria.obscureapi.ObscureAPIConfig$Client.<clinit>(ObscureAPIConfig.java:28) ~[obscure_api-15.jar%23325!/:com.obscuria]
	at com.obscuria.obscureapi.ObscureAPIConfig.register(ObscureAPIConfig.java:46) ~[obscure_api-15.jar%23325!/:com.obscuria]
	at com.obscuria.obscureapi.ObscureAPI.<init>(ObscureAPI.java:69) ~[obscure_api-15.jar%23325!/:com.obscuria]
	at jdk.internal.reflect.NativeConstructorAccessorImpl.newInstance0(Native Method) ~[?:?]
	at jdk.internal.reflect.NativeConstructorAccessorImpl.newInstance(NativeConstructorAccessorImpl.java:77) ~[?:?]
	at jdk.internal.reflect.DelegatingConstructorAccessorImpl.newInstance(DelegatingConstructorAccessorImpl.java:45) ~[?:?]
	at java.lang.reflect.Constructor.newInstanceWithCaller(Constructor.java:500) ~[?:?]
	at java.lang.reflect.Constructor.newInstance(Constructor.java:481) ~[?:?]
	at net.minecraftforge.fml.javafmlmod.FMLModContainer.constructMod(FMLModContainer.java:70) ~[javafmllanguage-1.20.1-47.3.7.jar%23375!/:?]
	at net.minecraftforge.fml.ModContainer.lambda$buildTransitionHandler$4(ModContainer.java:124) ~[fmlcore-1.20.1-47.3.7.jar%23374!/:?]
	at java.util.concurrent.CompletableFuture$AsyncRun.run(CompletableFuture.java:1804) ~[?:?]
	at java.util.concurrent.CompletableFuture$AsyncRun.exec(CompletableFuture.java:1796) ~[?:?]
	at java.util.concurrent.ForkJoinTask.doExec(ForkJoinTask.java:373) ~[?:?]
	at java.util.concurrent.ForkJoinPool$WorkQueue.topLevelExec(ForkJoinPool.java:1182) ~[?:?]
	at java.util.concurrent.ForkJoinPool.scan(ForkJoinPool.java:1655) ~[?:?]
	at java.util.concurrent.ForkJoinPool.runWorker(ForkJoinPool.java:1622) ~[?:?]
	at java.util.concurrent.ForkJoinWorkerThread.run(ForkJoinWorkerThread.java:165) ~[?:?]
[30Sep2026 03:20:54.018] [modloading-worker-0/ERROR] [net.minecraftforge.fml.loading.RuntimeDistCleaner/DISTXFORM]: Attempted to load class com/obscuria/obscureapi/client/renderer/PatreonLayer for invalid dist DEDICATED_SERVER
[30Sep2026 03:20:54.169] [modloading-worker-0/INFO] [Inventory Profiles Next/]: [Inventory Profiles Next] Inventory Profiles Next - init in Kotlin
[30Sep2026 03:20:54.264] [modloading-worker-0/INFO] [Dungeon Crawl/]: Here we go! Launching Dungeon Crawl 2.3.14...
[30Sep2026 03:20:54.282] [modloading-worker-0/INFO] [Dungeon Now Loading/]: Hello Forge world!
[30Sep2026 03:20:54.337] [modloading-worker-0/INFO] [net.minecraftforge.common.ForgeMod/FORGEMOD]: Forge mod loading, version 47.3.7, for MC 1.20.1 with MCP 20230612.114412
[30Sep2026 03:20:54.337] [modloading-worker-0/INFO] [net.minecraftforge.common.MinecraftForge/FORGE]: MinecraftForge v47.3.7 Initialized
[30Sep2026 03:20:54.455] [modloading-worker-0/INFO] [graveyard/]: Registered JSON trade offer adapter.
[30Sep2026 03:20:54.562] [modloading-worker-0/INFO] [libIPN/]: [libIPN] libIPN - init in Kotlin
[30Sep2026 03:20:54.947] [modloading-worker-0/INFO] [thedarkcolour.kotlinforforge.test.KotlinForForge/]: Kotlin For Forge Enabled!
[30Sep2026 03:20:55.061] [modloading-worker-0/INFO] [Puzzles Lib/]: Constructing common components for puzzleslib:main
[30Sep2026 03:20:56.698] [main/ERROR] [net.minecraftforge.eventbus.EventSubclassTransformer/EVENTBUS]: Could not find parent net/minecraft/client/particle/TextureSheetParticle for class com/cerbon/cerbons_api/api/general/particle/SimpleParticle in classloader cpw.mods.modlauncher.TransformingClassLoader@6c0b51da on thread Thread[main,5,main]
[30Sep2026 03:20:56.698] [main/ERROR] [net.minecraftforge.eventbus.EventSubclassTransformer/EVENTBUS]: An error occurred building event handler
java.lang.ClassNotFoundException: net.minecraft.client.particle.TextureSheetParticle
	at cpw.mods.cl.ModuleClassLoader.loadClass(ModuleClassLoader.java:141) ~[securejarhandler-2.1.10.jar:?]
	at java.lang.ClassLoader.loadClass(ClassLoader.java:525) ~[?:?]
	at net.minecraftforge.eventbus.EventSubclassTransformer.buildEvents(EventSubclassTransformer.java:97) ~[eventbus-6.0.5.jar%2352!/:?]
	at net.minecraftforge.eventbus.EventSubclassTransformer.transform(EventSubclassTransformer.java:48) ~[eventbus-6.0.5.jar%2352!/:?]
	at net.minecraftforge.eventbus.EventBusEngine.processClass(EventBusEngine.java:26) ~[eventbus-6.0.5.jar%2352!/:?]
	at net.minecraftforge.eventbus.service.ModLauncherService.processClassWithFlags(ModLauncherService.java:32) ~[eventbus-6.0.5.jar%2352!/:6.0.5+6.0.5+master.eb8e549b]
	at cpw.mods.modlauncher.LaunchPluginHandler.offerClassNodeToPlugins(LaunchPluginHandler.java:88) ~[modlauncher-10.0.9.jar%2355!/:?]
	at cpw.mods.modlauncher.ClassTransformer.transform(ClassTransformer.java:120) ~[modlauncher-10.0.9.jar%2355!/:?]
	at cpw.mods.modlauncher.TransformingClassLoader.maybeTransformClassBytes(TransformingClassLoader.java:50) ~[modlauncher-10.0.9.jar%2355!/:?]
	at cpw.mods.cl.ModuleClassLoader.readerToClass(ModuleClassLoader.java:113) ~[securejarhandler-2.1.10.jar:?]
	at cpw.mods.cl.ModuleClassLoader.lambda$findClass$15(ModuleClassLoader.java:219) ~[securejarhandler-2.1.10.jar:?]
	at cpw.mods.cl.ModuleClassLoader.loadFromModule(ModuleClassLoader.java:229) ~[securejarhandler-2.1.10.jar:?]
	at cpw.mods.cl.ModuleClassLoader.findClass(ModuleClassLoader.java:219) ~[securejarhandler-2.1.10.jar:?]
	at cpw.mods.cl.ModuleClassLoader.loadClass(ModuleClassLoader.java:135) ~[securejarhandler-2.1.10.jar:?]
	at java.lang.ClassLoader.loadClass(ClassLoader.java:525) ~[?:?]
	at java.lang.Class.getDeclaredMethods0(Native Method) ~[?:?]
	at java.lang.Class.privateGetDeclaredMethods(Class.java:3404) ~[?:?]
	at java.lang.Class.getDeclaredMethod(Class.java:2675) ~[?:?]
	at me.jellysquid.mods.lithium.common.reflection.ReflectionUtil.hasMethodOverride(ReflectionUtil.java:13) ~[radium-mc1.20.1-0.12.4+git.26c9d8e.jar%23333!/:?]
	at me.jellysquid.mods.lithium.common.ai.pathing.BlockClassChecker.lambda$hasNonstandardImplementation$0(BlockClassChecker.java:30) ~[radium-mc1.20.1-0.12.4+git.26c9d8e.jar%23333!/:?]
	at java.util.concurrent.ConcurrentHashMap.computeIfAbsent(ConcurrentHashMap.java:1740) ~[?:?]
	at me.jellysquid.mods.lithium.common.ai.pathing.BlockClassChecker.shouldUseDynamicTypeCheck(BlockClassChecker.java:22) ~[radium-mc1.20.1-0.12.4+git.26c9d8e.jar%23333!/:?]
	at net.minecraft.world.level.block.Block.handler$znl000$postConstruct(Block.java:1639) ~[server-1.20.1-20230612.114412-srg.jar%23373!/:?]
	at net.minecraft.world.level.block.Block.<init>(Block.java:181) ~[server-1.20.1-20230612.114412-srg.jar%23373!/:?]
	at com.cerbon.bosses_of_mass_destruction.block.custom.VoidBlossomBlock.<init>(VoidBlossomBlock.java:49) ~[BOMD-Forge-1.20.1-1.1.1.jar%23252!/:1.1.1]
	at com.cerbon.bosses_of_mass_destruction.block.BMDBlocks.lambda$static$2(BMDBlocks.java:24) ~[BOMD-Forge-1.20.1-1.1.1.jar%23252!/:1.1.1]
	at net.minecraftforge.registries.DeferredRegister.lambda$addEntries$1(DeferredRegister.java:386) ~[forge-1.20.1-47.3.7-universal.jar%23378!/:?]
	at net.minecraftforge.registries.RegisterEvent.register(RegisterEvent.java:59) ~[forge-1.20.1-47.3.7-universal.jar%23378!/:?]
	at net.minecraftforge.registries.DeferredRegister.addEntries(DeferredRegister.java:386) ~[forge-1.20.1-47.3.7-universal.jar%23378!/:?]
	at net.minecraftforge.registries.DeferredRegister$EventDispatcher.handleEvent(DeferredRegister.java:328) ~[forge-1.20.1-47.3.7-universal.jar%23378!/:?]
	at net.minecraftforge.registries.__EventDispatcher_handleEvent_RegisterEvent.invoke(.dynamic) ~[forge-1.20.1-47.3.7-universal.jar%23378!/:?]
	at net.minecraftforge.eventbus.ASMEventHandler.invoke(ASMEventHandler.java:73) ~[eventbus-6.0.5.jar%2352!/:?]
	at net.minecraftforge.eventbus.EventBus.post(EventBus.java:315) ~[eventbus-6.0.5.jar%2352!/:?]
	at net.minecraftforge.eventbus.EventBus.post(EventBus.java:296) ~[eventbus-6.0.5.jar%2352!/:?]
	at net.minecraftforge.fml.javafmlmod.FMLModContainer.acceptEvent(FMLModContainer.java:114) ~[javafmllanguage-1.20.1-47.3.7.jar%23375!/:?]
	at net.minecraftforge.fml.ModLoader.lambda$postEventWithWrapInModOrder$33(ModLoader.java:346) ~[fmlcore-1.20.1-47.3.7.jar%23374!/:?]
	at java.lang.Iterable.forEach(Iterable.java:75) ~[?:?]
	at net.minecraftforge.fml.ModList.forEachModInOrder(ModList.java:227) ~[fmlcore-1.20.1-47.3.7.jar%23374!/:?]
	at net.minecraftforge.fml.ModLoader.postEventWithWrapInModOrder(ModLoader.java:344) ~[fmlcore-1.20.1-47.3.7.jar%23374!/:?]
	at net.minecraftforge.fml.ModLoader.postEventWrapContainerInModOrder(ModLoader.java:337) ~[fmlcore-1.20.1-47.3.7.jar%23374!/:?]
	at net.minecraftforge.registries.GameData.postRegisterEvents(GameData.java:329) ~[forge-1.20.1-47.3.7-universal.jar%23378!/:?]
	at net.minecraftforge.common.ForgeStatesProvider.lambda$new$4(ForgeStatesProvider.java:25) ~[forge-1.20.1-47.3.7-universal.jar%23378!/:?]
	at net.minecraftforge.fml.ModLoader.handleInlineTransition(ModLoader.java:217) ~[fmlcore-1.20.1-47.3.7.jar%23374!/:?]
	at net.minecraftforge.fml.ModLoader.lambda$dispatchAndHandleError$19(ModLoader.java:209) ~[fmlcore-1.20.1-47.3.7.jar%23374!/:?]
	at java.util.Optional.ifPresent(Optional.java:178) ~[?:?]
	at net.minecraftforge.fml.ModLoader.dispatchAndHandleError(ModLoader.java:209) ~[fmlcore-1.20.1-47.3.7.jar%23374!/:?]
	at net.minecraftforge.fml.ModLoader.lambda$gatherAndInitializeMods$13(ModLoader.java:183) ~[fmlcore-1.20.1-47.3.7.jar%23374!/:?]
	at java.lang.Iterable.forEach(Iterable.java:75) ~[?:?]
	at net.minecraftforge.fml.ModLoader.gatherAndInitializeMods(ModLoader.java:183) ~[fmlcore-1.20.1-47.3.7.jar%23374!/:?]
	at net.minecraftforge.server.loading.ServerModLoader.load(ServerModLoader.java:30) ~[forge-1.20.1-47.3.7-universal.jar%23378!/:?]
	at net.minecraft.server.Main.main(Main.java:125) ~[server-1.20.1-20230612.114412-srg.jar%23373!/:?]
	at jdk.internal.reflect.NativeMethodAccessorImpl.invoke0(Native Method) ~[?:?]
	at jdk.internal.reflect.NativeMethodAccessorImpl.invoke(NativeMethodAccessorImpl.java:77) ~[?:?]
	at jdk.internal.reflect.DelegatingMethodAccessorImpl.invoke(DelegatingMethodAccessorImpl.java:43) ~[?:?]
	at java.lang.reflect.Method.invoke(Method.java:569) ~[?:?]
	at net.minecraftforge.fml.loading.targets.CommonLaunchHandler.runTarget(CommonLaunchHandler.java:111) ~[fmlloader-1.20.1-47.3.7.jar%2369!/:?]
	at net.minecraftforge.fml.loading.targets.CommonLaunchHandler.serverService(CommonLaunchHandler.java:103) ~[fmlloader-1.20.1-47.3.7.jar%2369!/:?]
	at net.minecraftforge.fml.loading.targets.CommonServerLaunchHandler.lambda$makeService$0(CommonServerLaunchHandler.java:27) ~[fmlloader-1.20.1-47.3.7.jar%2369!/:?]
	at cpw.mods.modlauncher.LaunchServiceHandlerDecorator.launch(LaunchServiceHandlerDecorator.java:30) ~[modlauncher-10.0.9.jar%2355!/:?]
	at cpw.mods.modlauncher.LaunchServiceHandler.launch(LaunchServiceHandler.java:53) ~[modlauncher-10.0.9.jar%2355!/:?]
	at cpw.mods.modlauncher.LaunchServiceHandler.launch(LaunchServiceHandler.java:71) ~[modlauncher-10.0.9.jar%2355!/:?]
	at cpw.mods.modlauncher.Launcher.run(Launcher.java:108) ~[modlauncher-10.0.9.jar%2355!/:?]
	at cpw.mods.modlauncher.Launcher.main(Launcher.java:78) ~[modlauncher-10.0.9.jar%2355!/:?]
	at cpw.mods.modlauncher.BootstrapLaunchConsumer.accept(BootstrapLaunchConsumer.java:26) ~[modlauncher-10.0.9.jar%2355!/:?]
	at cpw.mods.modlauncher.BootstrapLaunchConsumer.accept(BootstrapLaunchConsumer.java:23) ~[modlauncher-10.0.9.jar%2355!/:?]
	at cpw.mods.bootstraplauncher.BootstrapLauncher.main(BootstrapLauncher.java:141) ~[bootstraplauncher-1.1.2.jar:?]
[30Sep2026 03:20:56.702] [main/WARN] [Radium Class Analysis/]: Radium Class Analysis Error: Class com.cerbon.bosses_of_mass_destruction.block.custom.VoidBlossomBlock cannot be analysed, because getting declared methods crashes with NoClassDefFoundError: net/minecraft/client/particle/TextureSheetParticle. This is usually caused by modded entities declaring methods that have a return type or parameter type that is annotated with @OnlyIn(Dist.CLIENT). Loading the type is not possible, because it only exists in the CLIENT environment. The recommended fix is to annotate the method with this argument or return type with the same annotation. Lithium handles this error by assuming the class cannot be included in some optimizations.
[30Sep2026 03:20:56.703] [main/ERROR] [net.minecraftforge.eventbus.EventSubclassTransformer/EVENTBUS]: Could not find parent net/minecraft/client/particle/TextureSheetParticle for class com/cerbon/cerbons_api/api/general/particle/SimpleParticle in classloader cpw.mods.modlauncher.TransformingClassLoader@6c0b51da on thread Thread[main,5,main]
[30Sep2026 03:20:56.703] [main/ERROR] [net.minecraftforge.eventbus.EventSubclassTransformer/EVENTBUS]: An error occurred building event handler
java.lang.ClassNotFoundException: net.minecraft.client.particle.TextureSheetParticle
	at cpw.mods.cl.ModuleClassLoader.loadClass(ModuleClassLoader.java:141) ~[securejarhandler-2.1.10.jar:?]
	at java.lang.ClassLoader.loadClass(ClassLoader.java:525) ~[?:?]
	at net.minecraftforge.eventbus.EventSubclassTransformer.buildEvents(EventSubclassTransformer.java:97) ~[eventbus-6.0.5.jar%2352!/:?]
	at net.minecraftforge.eventbus.EventSubclassTransformer.transform(EventSubclassTransformer.java:48) ~[eventbus-6.0.5.jar%2352!/:?]
	at net.minecraftforge.eventbus.EventBusEngine.processClass(EventBusEngine.java:26) ~[eventbus-6.0.5.jar%2352!/:?]
	at net.minecraftforge.eventbus.service.ModLauncherService.processClassWithFlags(ModLauncherService.java:32) ~[eventbus-6.0.5.jar%2352!/:6.0.5+6.0.5+master.eb8e549b]
	at cpw.mods.modlauncher.LaunchPluginHandler.offerClassNodeToPlugins(LaunchPluginHandler.java:88) ~[modlauncher-10.0.9.jar%2355!/:?]
	at cpw.mods.modlauncher.ClassTransformer.transform(ClassTransformer.java:120) ~[modlauncher-10.0.9.jar%2355!/:?]
	at cpw.mods.modlauncher.TransformingClassLoader.maybeTransformClassBytes(TransformingClassLoader.java:50) ~[modlauncher-10.0.9.jar%2355!/:?]
	at cpw.mods.cl.ModuleClassLoader.readerToClass(ModuleClassLoader.java:113) ~[securejarhandler-2.1.10.jar:?]
	at cpw.mods.cl.ModuleClassLoader.lambda$findClass$15(ModuleClassLoader.java:219) ~[securejarhandler-2.1.10.jar:?]
	at cpw.mods.cl.ModuleClassLoader.loadFromModule(ModuleClassLoader.java:229) ~[securejarhandler-2.1.10.jar:?]
	at cpw.mods.cl.ModuleClassLoader.findClass(ModuleClassLoader.java:219) ~[securejarhandler-2.1.10.jar:?]
	at cpw.mods.cl.ModuleClassLoader.loadClass(ModuleClassLoader.java:135) ~[securejarhandler-2.1.10.jar:?]
	at java.lang.ClassLoader.loadClass(ClassLoader.java:525) ~[?:?]
	at java.lang.Class.getDeclaredMethods0(Native Method) ~[?:?]
	at java.lang.Class.privateGetDeclaredMethods(Class.java:3404) ~[?:?]
	at java.lang.Class.getDeclaredMethod(Class.java:2675) ~[?:?]
	at me.jellysquid.mods.lithium.common.reflection.ReflectionUtil.hasMethodOverride(ReflectionUtil.java:13) ~[radium-mc1.20.1-0.12.4+git.26c9d8e.jar%23333!/:?]
	at me.jellysquid.mods.lithium.common.ai.pathing.BlockClassChecker.lambda$hasNonstandardImplementation$0(BlockClassChecker.java:30) ~[radium-mc1.20.1-0.12.4+git.26c9d8e.jar%23333!/:?]
	at java.util.concurrent.ConcurrentHashMap.computeIfAbsent(ConcurrentHashMap.java:1740) ~[?:?]
	at me.jellysquid.mods.lithium.common.ai.pathing.BlockClassChecker.shouldUseDynamicBurningCheck(BlockClassChecker.java:26) ~[radium-mc1.20.1-0.12.4+git.26c9d8e.jar%23333!/:?]
	at net.minecraft.world.level.block.Block.handler$znl000$postConstruct(Block.java:1640) ~[server-1.20.1-20230612.114412-srg.jar%23373!/:?]
	at net.minecraft.world.level.block.Block.<init>(Block.java:181) ~[server-1.20.1-20230612.114412-srg.jar%23373!/:?]
	at com.cerbon.bosses_of_mass_destruction.block.custom.VoidBlossomBlock.<init>(VoidBlossomBlock.java:49) ~[BOMD-Forge-1.20.1-1.1.1.jar%23252!/:1.1.1]
	at com.cerbon.bosses_of_mass_destruction.block.BMDBlocks.lambda$static$2(BMDBlocks.java:24) ~[BOMD-Forge-1.20.1-1.1.1.jar%23252!/:1.1.1]
	at net.minecraftforge.registries.DeferredRegister.lambda$addEntries$1(DeferredRegister.java:386) ~[forge-1.20.1-47.3.7-universal.jar%23378!/:?]
	at net.minecraftforge.registries.RegisterEvent.register(RegisterEvent.java:59) ~[forge-1.20.1-47.3.7-universal.jar%23378!/:?]
	at net.minecraftforge.registries.DeferredRegister.addEntries(DeferredRegister.java:386) ~[forge-1.20.1-47.3.7-universal.jar%23378!/:?]
	at net.minecraftforge.registries.DeferredRegister$EventDispatcher.handleEvent(DeferredRegister.java:328) ~[forge-1.20.1-47.3.7-universal.jar%23378!/:?]
	at net.minecraftforge.registries.__EventDispatcher_handleEvent_RegisterEvent.invoke(.dynamic) ~[forge-1.20.1-47.3.7-universal.jar%23378!/:?]
	at net.minecraftforge.eventbus.ASMEventHandler.invoke(ASMEventHandler.java:73) ~[eventbus-6.0.5.jar%2352!/:?]
	at net.minecraftforge.eventbus.EventBus.post(EventBus.java:315) ~[eventbus-6.0.5.jar%2352!/:?]
	at net.minecraftforge.eventbus.EventBus.post(EventBus.java:296) ~[eventbus-6.0.5.jar%2352!/:?]
	at net.minecraftforge.fml.javafmlmod.FMLModContainer.acceptEvent(FMLModContainer.java:114) ~[javafmllanguage-1.20.1-47.3.7.jar%23375!/:?]
	at net.minecraftforge.fml.ModLoader.lambda$postEventWithWrapInModOrder$33(ModLoader.java:346) ~[fmlcore-1.20.1-47.3.7.jar%23374!/:?]
	at java.lang.Iterable.forEach(Iterable.java:75) ~[?:?]
	at net.minecraftforge.fml.ModList.forEachModInOrder(ModList.java:227) ~[fmlcore-1.20.1-47.3.7.jar%23374!/:?]
	at net.minecraftforge.fml.ModLoader.postEventWithWrapInModOrder(ModLoader.java:344) ~[fmlcore-1.20.1-47.3.7.jar%23374!/:?]
	at net.minecraftforge.fml.ModLoader.postEventWrapContainerInModOrder(ModLoader.java:337) ~[fmlcore-1.20.1-47.3.7.jar%23374!/:?]
	at net.minecraftforge.registries.GameData.postRegisterEvents(GameData.java:329) ~[forge-1.20.1-47.3.7-universal.jar%23378!/:?]
	at net.minecraftforge.common.ForgeStatesProvider.lambda$new$4(ForgeStatesProvider.java:25) ~[forge-1.20.1-47.3.7-universal.jar%23378!/:?]
	at net.minecraftforge.fml.ModLoader.handleInlineTransition(ModLoader.java:217) ~[fmlcore-1.20.1-47.3.7.jar%23374!/:?]
	at net.minecraftforge.fml.ModLoader.lambda$dispatchAndHandleError$19(ModLoader.java:209) ~[fmlcore-1.20.1-47.3.7.jar%23374!/:?]
	at java.util.Optional.ifPresent(Optional.java:178) ~[?:?]
	at net.minecraftforge.fml.ModLoader.dispatchAndHandleError(ModLoader.java:209) ~[fmlcore-1.20.1-47.3.7.jar%23374!/:?]
	at net.minecraftforge.fml.ModLoader.lambda$gatherAndInitializeMods$13(ModLoader.java:183) ~[fmlcore-1.20.1-47.3.7.jar%23374!/:?]
	at java.lang.Iterable.forEach(Iterable.java:75) ~[?:?]
	at net.minecraftforge.fml.ModLoader.gatherAndInitializeMods(ModLoader.java:183) ~[fmlcore-1.20.1-47.3.7.jar%23374!/:?]
	at net.minecraftforge.server.loading.ServerModLoader.load(ServerModLoader.java:30) ~[forge-1.20.1-47.3.7-universal.jar%23378!/:?]
	at net.minecraft.server.Main.main(Main.java:125) ~[server-1.20.1-20230612.114412-srg.jar%23373!/:?]
	at jdk.internal.reflect.NativeMethodAccessorImpl.invoke0(Native Method) ~[?:?]
	at jdk.internal.reflect.NativeMethodAccessorImpl.invoke(NativeMethodAccessorImpl.java:77) ~[?:?]
	at jdk.internal.reflect.DelegatingMethodAccessorImpl.invoke(DelegatingMethodAccessorImpl.java:43) ~[?:?]
	at java.lang.reflect.Method.invoke(Method.java:569) ~[?:?]
	at net.minecraftforge.fml.loading.targets.CommonLaunchHandler.runTarget(CommonLaunchHandler.java:111) ~[fmlloader-1.20.1-47.3.7.jar%2369!/:?]
	at net.minecraftforge.fml.loading.targets.CommonLaunchHandler.serverService(CommonLaunchHandler.java:103) ~[fmlloader-1.20.1-47.3.7.jar%2369!/:?]
	at net.minecraftforge.fml.loading.targets.CommonServerLaunchHandler.lambda$makeService$0(CommonServerLaunchHandler.java:27) ~[fmlloader-1.20.1-47.3.7.jar%2369!/:?]
	at cpw.mods.modlauncher.LaunchServiceHandlerDecorator.launch(LaunchServiceHandlerDecorator.java:30) ~[modlauncher-10.0.9.jar%2355!/:?]
	at cpw.mods.modlauncher.LaunchServiceHandler.launch(LaunchServiceHandler.java:53) ~[modlauncher-10.0.9.jar%2355!/:?]
	at cpw.mods.modlauncher.LaunchServiceHandler.launch(LaunchServiceHandler.java:71) ~[modlauncher-10.0.9.jar%2355!/:?]
	at cpw.mods.modlauncher.Launcher.run(Launcher.java:108) ~[modlauncher-10.0.9.jar%2355!/:?]
	at cpw.mods.modlauncher.Launcher.main(Launcher.java:78) ~[modlauncher-10.0.9.jar%2355!/:?]
	at cpw.mods.modlauncher.BootstrapLaunchConsumer.accept(BootstrapLaunchConsumer.java:26) ~[modlauncher-10.0.9.jar%2355!/:?]
	at cpw.mods.modlauncher.BootstrapLaunchConsumer.accept(BootstrapLaunchConsumer.java:23) ~[modlauncher-10.0.9.jar%2355!/:?]
	at cpw.mods.bootstraplauncher.BootstrapLauncher.main(BootstrapLauncher.java:141) ~[bootstraplauncher-1.1.2.jar:?]
[30Sep2026 03:20:56.706] [main/WARN] [Radium Class Analysis/]: Radium Class Analysis Error: Class com.cerbon.bosses_of_mass_destruction.block.custom.VoidBlossomBlock cannot be analysed, because getting declared methods crashes with NoClassDefFoundError: net/minecraft/client/particle/TextureSheetParticle. This is usually caused by modded entities declaring methods that have a return type or parameter type that is annotated with @OnlyIn(Dist.CLIENT). Loading the type is not possible, because it only exists in the CLIENT environment. The recommended fix is to annotate the method with this argument or return type with the same annotation. Lithium handles this error by assuming the class cannot be included in some optimizations.
[30Sep2026 03:20:56.713] [main/ERROR] [net.minecraftforge.eventbus.EventSubclassTransformer/EVENTBUS]: Could not find parent net/minecraft/client/particle/TextureSheetParticle for class com/cerbon/cerbons_api/api/general/particle/SimpleParticle in classloader cpw.mods.modlauncher.TransformingClassLoader@6c0b51da on thread Thread[main,5,main]
[30Sep2026 03:20:56.713] [main/ERROR] [net.minecraftforge.eventbus.EventSubclassTransformer/EVENTBUS]: An error occurred building event handler
java.lang.ClassNotFoundException: net.minecraft.client.particle.TextureSheetParticle
	at cpw.mods.cl.ModuleClassLoader.loadClass(ModuleClassLoader.java:141) ~[securejarhandler-2.1.10.jar:?]
	at java.lang.ClassLoader.loadClass(ClassLoader.java:525) ~[?:?]
	at net.minecraftforge.eventbus.EventSubclassTransformer.buildEvents(EventSubclassTransformer.java:97) ~[eventbus-6.0.5.jar%2352!/:?]
	at net.minecraftforge.eventbus.EventSubclassTransformer.transform(EventSubclassTransformer.java:48) ~[eventbus-6.0.5.jar%2352!/:?]
	at net.minecraftforge.eventbus.EventBusEngine.processClass(EventBusEngine.java:26) ~[eventbus-6.0.5.jar%2352!/:?]
	at net.minecraftforge.eventbus.service.ModLauncherService.processClassWithFlags(ModLauncherService.java:32) ~[eventbus-6.0.5.jar%2352!/:6.0.5+6.0.5+master.eb8e549b]
	at cpw.mods.modlauncher.LaunchPluginHandler.offerClassNodeToPlugins(LaunchPluginHandler.java:88) ~[modlauncher-10.0.9.jar%2355!/:?]
	at cpw.mods.modlauncher.ClassTransformer.transform(ClassTransformer.java:120) ~[modlauncher-10.0.9.jar%2355!/:?]
	at cpw.mods.modlauncher.TransformingClassLoader.maybeTransformClassBytes(TransformingClassLoader.java:50) ~[modlauncher-10.0.9.jar%2355!/:?]
	at cpw.mods.cl.ModuleClassLoader.readerToClass(ModuleClassLoader.java:113) ~[securejarhandler-2.1.10.jar:?]
	at cpw.mods.cl.ModuleClassLoader.lambda$findClass$15(ModuleClassLoader.java:219) ~[securejarhandler-2.1.10.jar:?]
	at cpw.mods.cl.ModuleClassLoader.loadFromModule(ModuleClassLoader.java:229) ~[securejarhandler-2.1.10.jar:?]
	at cpw.mods.cl.ModuleClassLoader.findClass(ModuleClassLoader.java:219) ~[securejarhandler-2.1.10.jar:?]
	at cpw.mods.cl.ModuleClassLoader.loadClass(ModuleClassLoader.java:135) ~[securejarhandler-2.1.10.jar:?]
	at java.lang.ClassLoader.loadClass(ClassLoader.java:525) ~[?:?]
	at java.lang.Class.getDeclaredMethods0(Native Method) ~[?:?]
	at java.lang.Class.privateGetDeclaredMethods(Class.java:3404) ~[?:?]
	at java.lang.Class.getDeclaredMethod(Class.java:2675) ~[?:?]
	at me.jellysquid.mods.lithium.common.reflection.ReflectionUtil.hasMethodOverride(ReflectionUtil.java:13) ~[radium-mc1.20.1-0.12.4+git.26c9d8e.jar%23333!/:?]
	at me.jellysquid.mods.lithium.common.ai.pathing.BlockClassChecker.lambda$hasNonstandardImplementation$0(BlockClassChecker.java:30) ~[radium-mc1.20.1-0.12.4+git.26c9d8e.jar%23333!/:?]
	at java.util.concurrent.ConcurrentHashMap.computeIfAbsent(ConcurrentHashMap.java:1740) ~[?:?]
	at me.jellysquid.mods.lithium.common.ai.pathing.BlockClassChecker.shouldUseDynamicTypeCheck(BlockClassChecker.java:22) ~[radium-mc1.20.1-0.12.4+git.26c9d8e.jar%23333!/:?]
	at net.minecraft.world.level.block.Block.handler$znl000$postConstruct(Block.java:1639) ~[server-1.20.1-20230612.114412-srg.jar%23373!/:?]
	at net.minecraft.world.level.block.Block.<init>(Block.java:181) ~[server-1.20.1-20230612.114412-srg.jar%23373!/:?]
	at net.minecraft.world.level.block.BaseEntityBlock.<init>(BaseEntityBlock.java:15) ~[server-1.20.1-20230612.114412-srg.jar%23373!/:?]
	at com.cerbon.bosses_of_mass_destruction.block.custom.MobWardBlock.<init>(MobWardBlock.java:45) ~[BOMD-Forge-1.20.1-1.1.1.jar%23252!/:1.1.1]
	at com.cerbon.bosses_of_mass_destruction.block.BMDBlocks.lambda$static$10(BMDBlocks.java:42) ~[BOMD-Forge-1.20.1-1.1.1.jar%23252!/:1.1.1]
	at net.minecraftforge.registries.DeferredRegister.lambda$addEntries$1(DeferredRegister.java:386) ~[forge-1.20.1-47.3.7-universal.jar%23378!/:?]
	at net.minecraftforge.registries.RegisterEvent.register(RegisterEvent.java:59) ~[forge-1.20.1-47.3.7-universal.jar%23378!/:?]
	at net.minecraftforge.registries.DeferredRegister.addEntries(DeferredRegister.java:386) ~[forge-1.20.1-47.3.7-universal.jar%23378!/:?]
	at net.minecraftforge.registries.DeferredRegister$EventDispatcher.handleEvent(DeferredRegister.java:328) ~[forge-1.20.1-47.3.7-universal.jar%23378!/:?]
	at net.minecraftforge.registries.__EventDispatcher_handleEvent_RegisterEvent.invoke(.dynamic) ~[forge-1.20.1-47.3.7-universal.jar%23378!/:?]
	at net.minecraftforge.eventbus.ASMEventHandler.invoke(ASMEventHandler.java:73) ~[eventbus-6.0.5.jar%2352!/:?]
	at net.minecraftforge.eventbus.EventBus.post(EventBus.java:315) ~[eventbus-6.0.5.jar%2352!/:?]
	at net.minecraftforge.eventbus.EventBus.post(EventBus.java:296) ~[eventbus-6.0.5.jar%2352!/:?]
	at net.minecraftforge.fml.javafmlmod.FMLModContainer.acceptEvent(FMLModContainer.java:114) ~[javafmllanguage-1.20.1-47.3.7.jar%23375!/:?]
	at net.minecraftforge.fml.ModLoader.lambda$postEventWithWrapInModOrder$33(ModLoader.java:346) ~[fmlcore-1.20.1-47.3.7.jar%23374!/:?]
	at java.lang.Iterable.forEach(Iterable.java:75) ~[?:?]
	at net.minecraftforge.fml.ModList.forEachModInOrder(ModList.java:227) ~[fmlcore-1.20.1-47.3.7.jar%23374!/:?]
	at net.minecraftforge.fml.ModLoader.postEventWithWrapInModOrder(ModLoader.java:344) ~[fmlcore-1.20.1-47.3.7.jar%23374!/:?]
	at net.minecraftforge.fml.ModLoader.postEventWrapContainerInModOrder(ModLoader.java:337) ~[fmlcore-1.20.1-47.3.7.jar%23374!/:?]
	at net.minecraftforge.registries.GameData.postRegisterEvents(GameData.java:329) ~[forge-1.20.1-47.3.7-universal.jar%23378!/:?]
	at net.minecraftforge.common.ForgeStatesProvider.lambda$new$4(ForgeStatesProvider.java:25) ~[forge-1.20.1-47.3.7-universal.jar%23378!/:?]
	at net.minecraftforge.fml.ModLoader.handleInlineTransition(ModLoader.java:217) ~[fmlcore-1.20.1-47.3.7.jar%23374!/:?]
	at net.minecraftforge.fml.ModLoader.lambda$dispatchAndHandleError$19(ModLoader.java:209) ~[fmlcore-1.20.1-47.3.7.jar%23374!/:?]
	at java.util.Optional.ifPresent(Optional.java:178) ~[?:?]
	at net.minecraftforge.fml.ModLoader.dispatchAndHandleError(ModLoader.java:209) ~[fmlcore-1.20.1-47.3.7.jar%23374!/:?]
	at net.minecraftforge.fml.ModLoader.lambda$gatherAndInitializeMods$13(ModLoader.java:183) ~[fmlcore-1.20.1-47.3.7.jar%23374!/:?]
	at java.lang.Iterable.forEach(Iterable.java:75) ~[?:?]
	at net.minecraftforge.fml.ModLoader.gatherAndInitializeMods(ModLoader.java:183) ~[fmlcore-1.20.1-47.3.7.jar%23374!/:?]
	at net.minecraftforge.server.loading.ServerModLoader.load(ServerModLoader.java:30) ~[forge-1.20.1-47.3.7-universal.jar%23378!/:?]
	at net.minecraft.server.Main.main(Main.java:125) ~[server-1.20.1-20230612.114412-srg.jar%23373!/:?]
	at jdk.internal.reflect.NativeMethodAccessorImpl.invoke0(Native Method) ~[?:?]
	at jdk.internal.reflect.NativeMethodAccessorImpl.invoke(NativeMethodAccessorImpl.java:77) ~[?:?]
	at jdk.internal.reflect.DelegatingMethodAccessorImpl.invoke(DelegatingMethodAccessorImpl.java:43) ~[?:?]
	at java.lang.reflect.Method.invoke(Method.java:569) ~[?:?]
	at net.minecraftforge.fml.loading.targets.CommonLaunchHandler.runTarget(CommonLaunchHandler.java:111) ~[fmlloader-1.20.1-47.3.7.jar%2369!/:?]
	at net.minecraftforge.fml.loading.targets.CommonLaunchHandler.serverService(CommonLaunchHandler.java:103) ~[fmlloader-1.20.1-47.3.7.jar%2369!/:?]
	at net.minecraftforge.fml.loading.targets.CommonServerLaunchHandler.lambda$makeService$0(CommonServerLaunchHandler.java:27) ~[fmlloader-1.20.1-47.3.7.jar%2369!/:?]
	at cpw.mods.modlauncher.LaunchServiceHandlerDecorator.launch(LaunchServiceHandlerDecorator.java:30) ~[modlauncher-10.0.9.jar%2355!/:?]
	at cpw.mods.modlauncher.LaunchServiceHandler.launch(LaunchServiceHandler.java:53) ~[modlauncher-10.0.9.jar%2355!/:?]
	at cpw.mods.modlauncher.LaunchServiceHandler.launch(LaunchServiceHandler.java:71) ~[modlauncher-10.0.9.jar%2355!/:?]
	at cpw.mods.modlauncher.Launcher.run(Launcher.java:108) ~[modlauncher-10.0.9.jar%2355!/:?]
	at cpw.mods.modlauncher.Launcher.main(Launcher.java:78) ~[modlauncher-10.0.9.jar%2355!/:?]
	at cpw.mods.modlauncher.BootstrapLaunchConsumer.accept(BootstrapLaunchConsumer.java:26) ~[modlauncher-10.0.9.jar%2355!/:?]
	at cpw.mods.modlauncher.BootstrapLaunchConsumer.accept(BootstrapLaunchConsumer.java:23) ~[modlauncher-10.0.9.jar%2355!/:?]
	at cpw.mods.bootstraplauncher.BootstrapLauncher.main(BootstrapLauncher.java:141) ~[bootstraplauncher-1.1.2.jar:?]
[30Sep2026 03:20:56.716] [main/WARN] [Radium Class Analysis/]: Radium Class Analysis Error: Class com.cerbon.bosses_of_mass_destruction.block.custom.MobWardBlock cannot be analysed, because getting declared methods crashes with NoClassDefFoundError: net/minecraft/client/particle/TextureSheetParticle. This is usually caused by modded entities declaring methods that have a return type or parameter type that is annotated with @OnlyIn(Dist.CLIENT). Loading the type is not possible, because it only exists in the CLIENT environment. The recommended fix is to annotate the method with this argument or return type with the same annotation. Lithium handles this error by assuming the class cannot be included in some optimizations.
[30Sep2026 03:20:56.716] [main/ERROR] [net.minecraftforge.eventbus.EventSubclassTransformer/EVENTBUS]: Could not find parent net/minecraft/client/particle/TextureSheetParticle for class com/cerbon/cerbons_api/api/general/particle/SimpleParticle in classloader cpw.mods.modlauncher.TransformingClassLoader@6c0b51da on thread Thread[main,5,main]
[30Sep2026 03:20:56.717] [main/ERROR] [net.minecraftforge.eventbus.EventSubclassTransformer/EVENTBUS]: An error occurred building event handler
java.lang.ClassNotFoundException: net.minecraft.client.particle.TextureSheetParticle
	at cpw.mods.cl.ModuleClassLoader.loadClass(ModuleClassLoader.java:141) ~[securejarhandler-2.1.10.jar:?]
	at java.lang.ClassLoader.loadClass(ClassLoader.java:525) ~[?:?]
	at net.minecraftforge.eventbus.EventSubclassTransformer.buildEvents(EventSubclassTransformer.java:97) ~[eventbus-6.0.5.jar%2352!/:?]
	at net.minecraftforge.eventbus.EventSubclassTransformer.transform(EventSubclassTransformer.java:48) ~[eventbus-6.0.5.jar%2352!/:?]
	at net.minecraftforge.eventbus.EventBusEngine.processClass(EventBusEngine.java:26) ~[eventbus-6.0.5.jar%2352!/:?]
	at net.minecraftforge.eventbus.service.ModLauncherService.processClassWithFlags(ModLauncherService.java:32) ~[eventbus-6.0.5.jar%2352!/:6.0.5+6.0.5+master.eb8e549b]
	at cpw.mods.modlauncher.LaunchPluginHandler.offerClassNodeToPlugins(LaunchPluginHandler.java:88) ~[modlauncher-10.0.9.jar%2355!/:?]
	at cpw.mods.modlauncher.ClassTransformer.transform(ClassTransformer.java:120) ~[modlauncher-10.0.9.jar%2355!/:?]
	at cpw.mods.modlauncher.TransformingClassLoader.maybeTransformClassBytes(TransformingClassLoader.java:50) ~[modlauncher-10.0.9.jar%2355!/:?]
	at cpw.mods.cl.ModuleClassLoader.readerToClass(ModuleClassLoader.java:113) ~[securejarhandler-2.1.10.jar:?]
	at cpw.mods.cl.ModuleClassLoader.lambda$findClass$15(ModuleClassLoader.java:219) ~[securejarhandler-2.1.10.jar:?]
	at cpw.mods.cl.ModuleClassLoader.loadFromModule(ModuleClassLoader.java:229) ~[securejarhandler-2.1.10.jar:?]
	at cpw.mods.cl.ModuleClassLoader.findClass(ModuleClassLoader.java:219) ~[securejarhandler-2.1.10.jar:?]
	at cpw.mods.cl.ModuleClassLoader.loadClass(ModuleClassLoader.java:135) ~[securejarhandler-2.1.10.jar:?]
	at java.lang.ClassLoader.loadClass(ClassLoader.java:525) ~[?:?]
	at java.lang.Class.getDeclaredMethods0(Native Method) ~[?:?]
	at java.lang.Class.privateGetDeclaredMethods(Class.java:3404) ~[?:?]
	at java.lang.Class.getDeclaredMethod(Class.java:2675) ~[?:?]
	at me.jellysquid.mods.lithium.common.reflection.ReflectionUtil.hasMethodOverride(ReflectionUtil.java:13) ~[radium-mc1.20.1-0.12.4+git.26c9d8e.jar%23333!/:?]
	at me.jellysquid.mods.lithium.common.ai.pathing.BlockClassChecker.lambda$hasNonstandardImplementation$0(BlockClassChecker.java:30) ~[radium-mc1.20.1-0.12.4+git.26c9d8e.jar%23333!/:?]
	at java.util.concurrent.ConcurrentHashMap.computeIfAbsent(ConcurrentHashMap.java:1740) ~[?:?]
	at me.jellysquid.mods.lithium.common.ai.pathing.BlockClassChecker.shouldUseDynamicBurningCheck(BlockClassChecker.java:26) ~[radium-mc1.20.1-0.12.4+git.26c9d8e.jar%23333!/:?]
	at net.minecraft.world.level.block.Block.handler$znl000$postConstruct(Block.java:1640) ~[server-1.20.1-20230612.114412-srg.jar%23373!/:?]
	at net.minecraft.world.level.block.Block.<init>(Block.java:181) ~[server-1.20.1-20230612.114412-srg.jar%23373!/:?]
	at net.minecraft.world.level.block.BaseEntityBlock.<init>(BaseEntityBlock.java:15) ~[server-1.20.1-20230612.114412-srg.jar%23373!/:?]
	at com.cerbon.bosses_of_mass_destruction.block.custom.MobWardBlock.<init>(MobWardBlock.java:45) ~[BOMD-Forge-1.20.1-1.1.1.jar%23252!/:1.1.1]
	at com.cerbon.bosses_of_mass_destruction.block.BMDBlocks.lambda$static$10(BMDBlocks.java:42) ~[BOMD-Forge-1.20.1-1.1.1.jar%23252!/:1.1.1]
	at net.minecraftforge.registries.DeferredRegister.lambda$addEntries$1(DeferredRegister.java:386) ~[forge-1.20.1-47.3.7-universal.jar%23378!/:?]
	at net.minecraftforge.registries.RegisterEvent.register(RegisterEvent.java:59) ~[forge-1.20.1-47.3.7-universal.jar%23378!/:?]
	at net.minecraftforge.registries.DeferredRegister.addEntries(DeferredRegister.java:386) ~[forge-1.20.1-47.3.7-universal.jar%23378!/:?]
	at net.minecraftforge.registries.DeferredRegister$EventDispatcher.handleEvent(DeferredRegister.java:328) ~[forge-1.20.1-47.3.7-universal.jar%23378!/:?]
	at net.minecraftforge.registries.__EventDispatcher_handleEvent_RegisterEvent.invoke(.dynamic) ~[forge-1.20.1-47.3.7-universal.jar%23378!/:?]
	at net.minecraftforge.eventbus.ASMEventHandler.invoke(ASMEventHandler.java:73) ~[eventbus-6.0.5.jar%2352!/:?]
	at net.minecraftforge.eventbus.EventBus.post(EventBus.java:315) ~[eventbus-6.0.5.jar%2352!/:?]
	at net.minecraftforge.eventbus.EventBus.post(EventBus.java:296) ~[eventbus-6.0.5.jar%2352!/:?]
	at net.minecraftforge.fml.javafmlmod.FMLModContainer.acceptEvent(FMLModContainer.java:114) ~[javafmllanguage-1.20.1-47.3.7.jar%23375!/:?]
	at net.minecraftforge.fml.ModLoader.lambda$postEventWithWrapInModOrder$33(ModLoader.java:346) ~[fmlcore-1.20.1-47.3.7.jar%23374!/:?]
	at java.lang.Iterable.forEach(Iterable.java:75) ~[?:?]
	at net.minecraftforge.fml.ModList.forEachModInOrder(ModList.java:227) ~[fmlcore-1.20.1-47.3.7.jar%23374!/:?]
	at net.minecraftforge.fml.ModLoader.postEventWithWrapInModOrder(ModLoader.java:344) ~[fmlcore-1.20.1-47.3.7.jar%23374!/:?]
	at net.minecraftforge.fml.ModLoader.postEventWrapContainerInModOrder(ModLoader.java:337) ~[fmlcore-1.20.1-47.3.7.jar%23374!/:?]
	at net.minecraftforge.registries.GameData.postRegisterEvents(GameData.java:329) ~[forge-1.20.1-47.3.7-universal.jar%23378!/:?]
	at net.minecraftforge.common.ForgeStatesProvider.lambda$new$4(ForgeStatesProvider.java:25) ~[forge-1.20.1-47.3.7-universal.jar%23378!/:?]
	at net.minecraftforge.fml.ModLoader.handleInlineTransition(ModLoader.java:217) ~[fmlcore-1.20.1-47.3.7.jar%23374!/:?]
	at net.minecraftforge.fml.ModLoader.lambda$dispatchAndHandleError$19(ModLoader.java:209) ~[fmlcore-1.20.1-47.3.7.jar%23374!/:?]
	at java.util.Optional.ifPresent(Optional.java:178) ~[?:?]
	at net.minecraftforge.fml.ModLoader.dispatchAndHandleError(ModLoader.java:209) ~[fmlcore-1.20.1-47.3.7.jar%23374!/:?]
	at net.minecraftforge.fml.ModLoader.lambda$gatherAndInitializeMods$13(ModLoader.java:183) ~[fmlcore-1.20.1-47.3.7.jar%23374!/:?]
	at java.lang.Iterable.forEach(Iterable.java:75) ~[?:?]
	at net.minecraftforge.fml.ModLoader.gatherAndInitializeMods(ModLoader.java:183) ~[fmlcore-1.20.1-47.3.7.jar%23374!/:?]
	at net.minecraftforge.server.loading.ServerModLoader.load(ServerModLoader.java:30) ~[forge-1.20.1-47.3.7-universal.jar%23378!/:?]
	at net.minecraft.server.Main.main(Main.java:125) ~[server-1.20.1-20230612.114412-srg.jar%23373!/:?]
	at jdk.internal.reflect.NativeMethodAccessorImpl.invoke0(Native Method) ~[?:?]
	at jdk.internal.reflect.NativeMethodAccessorImpl.invoke(NativeMethodAccessorImpl.java:77) ~[?:?]
	at jdk.internal.reflect.DelegatingMethodAccessorImpl.invoke(DelegatingMethodAccessorImpl.java:43) ~[?:?]
	at java.lang.reflect.Method.invoke(Method.java:569) ~[?:?]
	at net.minecraftforge.fml.loading.targets.CommonLaunchHandler.runTarget(CommonLaunchHandler.java:111) ~[fmlloader-1.20.1-47.3.7.jar%2369!/:?]
	at net.minecraftforge.fml.loading.targets.CommonLaunchHandler.serverService(CommonLaunchHandler.java:103) ~[fmlloader-1.20.1-47.3.7.jar%2369!/:?]
	at net.minecraftforge.fml.loading.targets.CommonServerLaunchHandler.lambda$makeService$0(CommonServerLaunchHandler.java:27) ~[fmlloader-1.20.1-47.3.7.jar%2369!/:?]
	at cpw.mods.modlauncher.LaunchServiceHandlerDecorator.launch(LaunchServiceHandlerDecorator.java:30) ~[modlauncher-10.0.9.jar%2355!/:?]
	at cpw.mods.modlauncher.LaunchServiceHandler.launch(LaunchServiceHandler.java:53) ~[modlauncher-10.0.9.jar%2355!/:?]
	at cpw.mods.modlauncher.LaunchServiceHandler.launch(LaunchServiceHandler.java:71) ~[modlauncher-10.0.9.jar%2355!/:?]
	at cpw.mods.modlauncher.Launcher.run(Launcher.java:108) ~[modlauncher-10.0.9.jar%2355!/:?]
	at cpw.mods.modlauncher.Launcher.main(Launcher.java:78) ~[modlauncher-10.0.9.jar%2355!/:?]
	at cpw.mods.modlauncher.BootstrapLaunchConsumer.accept(BootstrapLaunchConsumer.java:26) ~[modlauncher-10.0.9.jar%2355!/:?]
	at cpw.mods.modlauncher.BootstrapLaunchConsumer.accept(BootstrapLaunchConsumer.java:23) ~[modlauncher-10.0.9.jar%2355!/:?]
	at cpw.mods.bootstraplauncher.BootstrapLauncher.main(BootstrapLauncher.java:141) ~[bootstraplauncher-1.1.2.jar:?]
[30Sep2026 03:20:56.720] [main/WARN] [Radium Class Analysis/]: Radium Class Analysis Error: Class com.cerbon.bosses_of_mass_destruction.block.custom.MobWardBlock cannot be analysed, because getting declared methods crashes with NoClassDefFoundError: net/minecraft/client/particle/TextureSheetParticle. This is usually caused by modded entities declaring methods that have a return type or parameter type that is annotated with @OnlyIn(Dist.CLIENT). Loading the type is not possible, because it only exists in the CLIENT environment. The recommended fix is to annotate the method with this argument or return type with the same annotation. Lithium handles this error by assuming the class cannot be included in some optimizations.
[30Sep2026 03:20:58.439] [main/INFO] [ModdingLegacy/StructureGel/]: [structure_gel] Registering data for structure_gel:loot_table_alias
[30Sep2026 03:20:58.451] [main/INFO] [ModdingLegacy/StructureGel/]: [structure_gel] Registering data for structure_gel:data_handler_type
[30Sep2026 03:20:58.452] [main/INFO] [ModdingLegacy/StructureGel/]: [structure_gel] Registering data for structure_gel:dynamic_spawner
[30Sep2026 03:20:58.454] [main/INFO] [ModdingLegacy/StructureGel/]: [structure_gel] Registering data for structure_gel:jigsaw_type
[30Sep2026 03:20:58.690] [main/WARN] [net.minecraft.network.syncher.SynchedEntityData/]: defineId called for: class net.miauczel.legendary_monsters.entity.AnimatedMonster.Mobs.Shulker_MimicEntity from class net.miauczel.legendary_monsters.entity.AnimatedMonster.Old.OldShulkerMimic
[30Sep2026 03:20:58.691] [main/WARN] [net.minecraft.network.syncher.SynchedEntityData/]: defineId called for: class net.miauczel.legendary_monsters.entity.AnimatedMonster.IAnimatedBoss.CloudGolem.Cloud_GolemEntity from class net.miauczel.legendary_monsters.entity.AnimatedMonster.OriginClasses.IAnimatedBoss
[30Sep2026 03:20:58.692] [main/WARN] [net.minecraft.network.syncher.SynchedEntityData/]: defineId called for: class net.miauczel.legendary_monsters.entity.AnimatedMonster.IAnimatedBoss.CloudGolem.Cloud_GolemEntity from class net.miauczel.legendary_monsters.entity.AnimatedMonster.OriginClasses.IAnimatedBoss
[30Sep2026 03:20:58.692] [main/WARN] [net.minecraft.network.syncher.SynchedEntityData/]: defineId called for: class net.miauczel.legendary_monsters.entity.AnimatedMonster.IAnimatedBoss.CloudGolem.Cloud_GolemEntity from class net.miauczel.legendary_monsters.entity.AnimatedMonster.OriginClasses.IAnimatedBoss
[30Sep2026 03:20:59.233] [modloading-worker-0/INFO] [com.structureessentials.StructureEssentials/]: structureessentials mod initialized
[30Sep2026 03:20:59.328] [modloading-worker-0/INFO] [com.blocklegend001.craftableenchantedgoldenapple.CraftableEnchantedGoldenApple/]: Mod Loaded!
[30Sep2026 03:20:59.381] [Thread-0/INFO] [ModernFix/]: Please use /mfsrc to reload any changed mod config files
[30Sep2026 03:20:59.401] [modloading-worker-0/INFO] [Dungeon Crawl/]: Common Setup
[30Sep2026 03:20:59.978] [Forge Version Check/INFO] [net.minecraftforge.fml.VersionChecker/]: [aether] Starting version check at https://github.com/The-Aether-Team/The-Aether/raw/1.20.1-develop/update.json
[30Sep2026 03:21:00.239] [main/INFO] [com.eeeab.eeeabsmobs.EEEABMobs/]: Starting to register Curios item...
[30Sep2026 03:21:00.275] [Forge Version Check/INFO] [net.minecraftforge.fml.VersionChecker/]: [aether] Found status: UP_TO_DATE Current: 1.20.1-1.5.2-neoforge Target: null
[30Sep2026 03:21:00.275] [Forge Version Check/INFO] [net.minecraftforge.fml.VersionChecker/]: [pickupnotifier] Starting version check at https://raw.githubusercontent.com/Fuzss/modresources/main/update/pickupnotifier.json
[30Sep2026 03:21:00.312] [Forge Version Check/INFO] [net.minecraftforge.fml.VersionChecker/]: [pickupnotifier] Found status: UP_TO_DATE Current: 8.0.0 Target: null
[30Sep2026 03:21:00.312] [Forge Version Check/INFO] [net.minecraftforge.fml.VersionChecker/]: [structure_gel] Starting version check at http://changelogs.moddinglegacy.com/structure-gel.json
[30Sep2026 03:21:00.321] [main/INFO] [terrablender/]: Registered region minecraft:overworld to index 0 for type OVERWORLD
[30Sep2026 03:21:00.321] [main/INFO] [terrablender/]: Registered region minecraft:nether to index 0 for type NETHER
[30Sep2026 03:21:00.321] [main/INFO] [terrablender/]: Registered region yungscavebiomes:overworld to index 1 for type OVERWORLD
[30Sep2026 03:21:00.356] [main/INFO] [terrablender/]: Registered region biomesoplenty:overworld_primary to index 2 for type OVERWORLD
[30Sep2026 03:21:00.356] [main/INFO] [terrablender/]: Registered region biomesoplenty:overworld_secondary to index 3 for type OVERWORLD
[30Sep2026 03:21:00.356] [main/INFO] [terrablender/]: Registered region biomesoplenty:overworld_rare to index 4 for type OVERWORLD
[30Sep2026 03:21:00.357] [main/INFO] [terrablender/]: Registered region biomesoplenty:nether_common to index 1 for type NETHER
[30Sep2026 03:21:00.357] [main/INFO] [terrablender/]: Registered region biomesoplenty:nether_rare to index 2 for type NETHER
[30Sep2026 03:21:00.454] [modloading-worker-0/INFO] [xaero.map.server.WorldMapServer/]: Loading Xaero's World Map - Stage 1/2 (Server)
[30Sep2026 03:21:00.456] [modloading-worker-0/INFO] [xaero.minimap.XaeroMinimap/]: Loading Xaero's Minimap - Stage 1/2 (Server)
[30Sep2026 03:21:00.480] [main/INFO] [xaero.map.server.WorldMapServer/]: Loading Xaero's World Map - Stage 2/2 (Server)
[30Sep2026 03:21:00.480] [main/INFO] [xaero.minimap.XaeroMinimap/]: Loading Xaero's Minimap - Stage 2/2 (Server)
[30Sep2026 03:21:00.534] [Forge Version Check/INFO] [net.minecraftforge.fml.VersionChecker/]: [structure_gel] Found status: BETA Current: 2.16.2 Target: null
[30Sep2026 03:21:00.535] [Forge Version Check/INFO] [net.minecraftforge.fml.VersionChecker/]: [corpse] Starting version check at https://update.maxhenkel.de/forge/corpse
[30Sep2026 03:21:00.762] [modloading-worker-0/INFO] [com.eeeab.eeeabsmobs.EEEABMobs/]: Registering custom criteria trigger...
[30Sep2026 03:21:00.773] [modloading-worker-0/INFO] [AttributeFix/]: Loaded values for 32 compatible attributes.
[30Sep2026 03:21:00.777] [modloading-worker-0/INFO] [AttributeFix/]: Loaded 32 values from config.
[30Sep2026 03:21:00.790] [modloading-worker-0/INFO] [AttributeFix/]: Saving config file. 32 entries.
[30Sep2026 03:21:00.795] [modloading-worker-0/INFO] [AttributeFix/]: Applying changes for 32 attributes.
[30Sep2026 03:21:00.828] [modloading-worker-0/INFO] [Jade/]: Start loading plugin at com.aetherteam.aether.integration.jade.AetherJadePlugin
[30Sep2026 03:21:00.834] [modloading-worker-0/INFO] [Jade/]: Start loading plugin at de.maxhenkel.corpse.integration.waila.PluginCorpse
[30Sep2026 03:21:00.836] [modloading-worker-0/INFO] [Jade/]: Start loading plugin at net.blay09.mods.waystones.compat.JadeIntegration
[30Sep2026 03:21:00.836] [modloading-worker-0/INFO] [Jade/]: Start loading plugin at snownee.jade.addon.vanilla.VanillaPlugin
[30Sep2026 03:21:00.846] [modloading-worker-0/INFO] [Jade/]: Start loading plugin at snownee.jade.addon.universal.UniversalPlugin
[30Sep2026 03:21:00.850] [modloading-worker-0/INFO] [Jade/]: Start loading plugin at snownee.jade.addon.core.CorePlugin
[30Sep2026 03:21:00.851] [modloading-worker-0/INFO] [Jade/]: Start loading plugin at de.maxhenkel.easyvillagers.integration.waila.PluginEasyVillagers
[30Sep2026 03:21:00.852] [modloading-worker-0/INFO] [Jade/]: Start loading plugin at net.geforcemods.securitycraft.compat.hudmods.JadeDataProvider
[30Sep2026 03:21:01.026] [Forge Version Check/INFO] [net.minecraftforge.fml.VersionChecker/]: [corpse] Found status: OUTDATED Current: 1.20.1-1.0.19 Target: 1.20.1-1.0.23
[30Sep2026 03:21:01.027] [Forge Version Check/INFO] [net.minecraftforge.fml.VersionChecker/]: [morebows] Starting version check at https://nerdthened.github.io/More-bows/update-modern.json
[30Sep2026 03:21:01.079] [Forge Version Check/INFO] [net.minecraftforge.fml.VersionChecker/]: [morebows] Found status: UP_TO_DATE Current: 1.0.13 Target: null
[30Sep2026 03:21:01.079] [Forge Version Check/INFO] [net.minecraftforge.fml.VersionChecker/]: [dungeons_plus] Starting version check at http://changelogs.moddinglegacy.com/dungeons-plus.json
[30Sep2026 03:21:01.121] [Forge Version Check/INFO] [net.minecraftforge.fml.VersionChecker/]: [dungeons_plus] Found status: BETA Current: 1.5.0 Target: null
[30Sep2026 03:21:01.122] [Forge Version Check/INFO] [net.minecraftforge.fml.VersionChecker/]: [mr_dungeons_andtaverns] Starting version check at https://api.modrinth.com/updates/tpehi7ww/forge_updates.json
[30Sep2026 03:21:01.303] [Forge Version Check/INFO] [net.minecraftforge.fml.VersionChecker/]: [mr_dungeons_andtaverns] Found status: OUTDATED Current: 3.0.3.f Target: 3.0.3.f+mod
[30Sep2026 03:21:01.303] [Forge Version Check/INFO] [net.minecraftforge.fml.VersionChecker/]: [cumulus_menus] Starting version check at https://github.com/The-Aether-Team/Cumulus/raw/1.20.1-develop/update.json
[30Sep2026 03:21:01.324] [Forge Version Check/INFO] [net.minecraftforge.fml.VersionChecker/]: [cumulus_menus] Found status: UP_TO_DATE Current: 1.20.1-1.0.1-neoforge Target: null
[30Sep2026 03:21:01.324] [Forge Version Check/INFO] [net.minecraftforge.fml.VersionChecker/]: [framework] Starting version check at https://mrcrayfish.com/modupdatejson?id=framework
[30Sep2026 03:21:01.471] [main/INFO] [com.mojang.authlib.yggdrasil.YggdrasilAuthenticationService/]: Environment: authHost='https://authserver.mojang.com', accountsHost='https://api.mojang.com', sessionHost='https://sessionserver.mojang.com', servicesHost='https://api.minecraftservices.com', name='PROD'
[30Sep2026 03:21:01.477] [Forge Version Check/WARN] [net.minecraftforge.fml.VersionChecker/]: Failed to process update information
com.google.gson.JsonSyntaxException: java.lang.IllegalStateException: Expected BEGIN_OBJECT but was STRING at line 1 column 1 path $
	at com.google.gson.Gson.fromJson(Gson.java:1226) ~[gson-2.10.jar%2372!/:?]
	at com.google.gson.Gson.fromJson(Gson.java:1124) ~[gson-2.10.jar%2372!/:?]
	at com.google.gson.Gson.fromJson(Gson.java:1034) ~[gson-2.10.jar%2372!/:?]
	at com.google.gson.Gson.fromJson(Gson.java:969) ~[gson-2.10.jar%2372!/:?]
	at net.minecraftforge.fml.VersionChecker$1.process(VersionChecker.java:183) ~[fmlcore-1.20.1-47.3.7.jar%23374!/:?]
	at java.lang.Iterable.forEach(Iterable.java:75) ~[?:?]
	at net.minecraftforge.fml.VersionChecker$1.run(VersionChecker.java:114) ~[fmlcore-1.20.1-47.3.7.jar%23374!/:?]
Caused by: java.lang.IllegalStateException: Expected BEGIN_OBJECT but was STRING at line 1 column 1 path $
	at com.google.gson.stream.JsonReader.beginObject(JsonReader.java:393) ~[gson-2.10.jar%2372!/:?]
	at com.google.gson.internal.bind.MapTypeAdapterFactory$Adapter.read(MapTypeAdapterFactory.java:182) ~[gson-2.10.jar%2372!/:?]
	at com.google.gson.internal.bind.MapTypeAdapterFactory$Adapter.read(MapTypeAdapterFactory.java:144) ~[gson-2.10.jar%2372!/:?]
	at com.google.gson.Gson.fromJson(Gson.java:1214) ~[gson-2.10.jar%2372!/:?]
	... 6 more
[30Sep2026 03:21:01.478] [Forge Version Check/INFO] [net.minecraftforge.fml.VersionChecker/]: [strayed_fates_forsaken] Starting version check at https://api.modrinth.com/updates/3GGOgUqD/forge_updates.json
[30Sep2026 03:21:01.510] [Forge Version Check/INFO] [net.minecraftforge.fml.VersionChecker/]: [strayed_fates_forsaken] Found status: UP_TO_DATE Current: 1.1.3.2 Target: null
[30Sep2026 03:21:01.511] [Forge Version Check/INFO] [net.minecraftforge.fml.VersionChecker/]: [radium] Starting version check at https://api.modrinth.com/updates/radium/forge_updates.json
[30Sep2026 03:21:01.548] [Forge Version Check/INFO] [net.minecraftforge.fml.VersionChecker/]: [radium] Found status: AHEAD Current: 0.12.4+git.26c9d8e Target: null
[30Sep2026 03:21:01.549] [Forge Version Check/INFO] [net.minecraftforge.fml.VersionChecker/]: [easymagic] Starting version check at https://raw.githubusercontent.com/Fuzss/modresources/main/update/easymagic.json
[30Sep2026 03:21:01.561] [Forge Version Check/INFO] [net.minecraftforge.fml.VersionChecker/]: [easymagic] Found status: UP_TO_DATE Current: 8.0.1 Target: null
[30Sep2026 03:21:01.561] [Forge Version Check/INFO] [net.minecraftforge.fml.VersionChecker/]: [visualworkbench] Starting version check at https://raw.githubusercontent.com/Fuzss/modresources/main/update/visualworkbench.json
[30Sep2026 03:21:01.572] [Forge Version Check/INFO] [net.minecraftforge.fml.VersionChecker/]: [visualworkbench] Found status: OUTDATED Current: 8.0.0 Target: 8.0.1
[30Sep2026 03:21:01.573] [Forge Version Check/INFO] [net.minecraftforge.fml.VersionChecker/]: [attributefix] Starting version check at https://updates.blamejared.com/get?n=attributefix&gv=1.20.1
[30Sep2026 03:21:01.584] [main/INFO] [ModernFix/]: Bypassed Mojang DFU
[30Sep2026 03:21:01.921] [Forge Version Check/INFO] [net.minecraftforge.fml.VersionChecker/]: [attributefix] Found status: BETA_OUTDATED Current: 21.0.4 Target: 21.0.5
[30Sep2026 03:21:01.921] [Forge Version Check/INFO] [net.minecraftforge.fml.VersionChecker/]: [goblintraders] Starting version check at https://mrcrayfish.com/modupdatejson?id=goblintraders
[30Sep2026 03:21:01.945] [Forge Version Check/WARN] [net.minecraftforge.fml.VersionChecker/]: Failed to process update information
com.google.gson.JsonSyntaxException: java.lang.IllegalStateException: Expected BEGIN_OBJECT but was STRING at line 1 column 1 path $
	at com.google.gson.Gson.fromJson(Gson.java:1226) ~[gson-2.10.jar%2372!/:?]
	at com.google.gson.Gson.fromJson(Gson.java:1124) ~[gson-2.10.jar%2372!/:?]
	at com.google.gson.Gson.fromJson(Gson.java:1034) ~[gson-2.10.jar%2372!/:?]
	at com.google.gson.Gson.fromJson(Gson.java:969) ~[gson-2.10.jar%2372!/:?]
	at net.minecraftforge.fml.VersionChecker$1.process(VersionChecker.java:183) ~[fmlcore-1.20.1-47.3.7.jar%23374!/:?]
	at java.lang.Iterable.forEach(Iterable.java:75) ~[?:?]
	at net.minecraftforge.fml.VersionChecker$1.run(VersionChecker.java:114) ~[fmlcore-1.20.1-47.3.7.jar%23374!/:?]
Caused by: java.lang.IllegalStateException: Expected BEGIN_OBJECT but was STRING at line 1 column 1 path $
	at com.google.gson.stream.JsonReader.beginObject(JsonReader.java:393) ~[gson-2.10.jar%2372!/:?]
	at com.google.gson.internal.bind.MapTypeAdapterFactory$Adapter.read(MapTypeAdapterFactory.java:182) ~[gson-2.10.jar%2372!/:?]
	at com.google.gson.internal.bind.MapTypeAdapterFactory$Adapter.read(MapTypeAdapterFactory.java:144) ~[gson-2.10.jar%2372!/:?]
	at com.google.gson.Gson.fromJson(Gson.java:1214) ~[gson-2.10.jar%2372!/:?]
	... 6 more
[30Sep2026 03:21:01.946] [Forge Version Check/INFO] [net.minecraftforge.fml.VersionChecker/]: [obscure_api] Starting version check at https://raw.githubusercontent.com/ObscuriaLithium/Home/main/obscure_api/versions.json
[30Sep2026 03:21:01.964] [Forge Version Check/WARN] [net.minecraftforge.fml.VersionChecker/]: Failed to process update information
com.google.gson.JsonSyntaxException: java.lang.IllegalStateException: Expected BEGIN_OBJECT but was NUMBER at line 1 column 4 path $
	at com.google.gson.Gson.fromJson(Gson.java:1226) ~[gson-2.10.jar%2372!/:?]
	at com.google.gson.Gson.fromJson(Gson.java:1124) ~[gson-2.10.jar%2372!/:?]
	at com.google.gson.Gson.fromJson(Gson.java:1034) ~[gson-2.10.jar%2372!/:?]
	at com.google.gson.Gson.fromJson(Gson.java:969) ~[gson-2.10.jar%2372!/:?]
	at net.minecraftforge.fml.VersionChecker$1.process(VersionChecker.java:183) ~[fmlcore-1.20.1-47.3.7.jar%23374!/:?]
	at java.lang.Iterable.forEach(Iterable.java:75) ~[?:?]
	at net.minecraftforge.fml.VersionChecker$1.run(VersionChecker.java:114) ~[fmlcore-1.20.1-47.3.7.jar%23374!/:?]
Caused by: java.lang.IllegalStateException: Expected BEGIN_OBJECT but was NUMBER at line 1 column 4 path $
	at com.google.gson.stream.JsonReader.beginObject(JsonReader.java:393) ~[gson-2.10.jar%2372!/:?]
	at com.google.gson.internal.bind.MapTypeAdapterFactory$Adapter.read(MapTypeAdapterFactory.java:182) ~[gson-2.10.jar%2372!/:?]
	at com.google.gson.internal.bind.MapTypeAdapterFactory$Adapter.read(MapTypeAdapterFactory.java:144) ~[gson-2.10.jar%2372!/:?]
	at com.google.gson.Gson.fromJson(Gson.java:1214) ~[gson-2.10.jar%2372!/:?]
	... 6 more
[30Sep2026 03:21:01.964] [Forge Version Check/INFO] [net.minecraftforge.fml.VersionChecker/]: [clumps] Starting version check at https://updates.blamejared.com/get?n=clumps&gv=1.20.1
[30Sep2026 03:21:02.122] [Forge Version Check/INFO] [net.minecraftforge.fml.VersionChecker/]: [clumps] Found status: BETA Current: 12.0.0.4 Target: 12.0.0.4
[30Sep2026 03:21:02.122] [Forge Version Check/INFO] [net.minecraftforge.fml.VersionChecker/]: [puzzlesaccessapi] Starting version check at https://raw.githubusercontent.com/Fuzss/modresources/main/update/puzzlesaccessapi.json
[30Sep2026 03:21:02.136] [Forge Version Check/INFO] [net.minecraftforge.fml.VersionChecker/]: [puzzlesaccessapi] Found status: BETA Current: 8.0.7 Target: null
[30Sep2026 03:21:02.137] [Forge Version Check/INFO] [net.minecraftforge.fml.VersionChecker/]: [forge] Starting version check at https://files.minecraftforge.net/net/minecraftforge/forge/promotions_slim.json
[30Sep2026 03:21:02.233] [Forge Version Check/INFO] [net.minecraftforge.fml.VersionChecker/]: [forge] Found status: OUTDATED Current: 47.3.7 Target: 47.4.10
[30Sep2026 03:21:02.233] [Forge Version Check/INFO] [net.minecraftforge.fml.VersionChecker/]: [jeiintegration] Starting version check at https://cdn.snowshock35.com/mods/jei-integration/update.json
[30Sep2026 03:21:02.251] [main/WARN] [net.minecraft.server.packs.VanillaPackResourcesBuilder/]: Assets URL 'union:/workspaces/Fantasy/servidor_minecraft/libraries/net/minecraft/server/1.20.1-20230612.114412/server-1.20.1-20230612.114412-srg.jar%23373!/assets/.mcassetsroot' uses unexpected schema
[30Sep2026 03:21:02.251] [main/WARN] [net.minecraft.server.packs.VanillaPackResourcesBuilder/]: Assets URL 'union:/workspaces/Fantasy/servidor_minecraft/libraries/net/minecraft/server/1.20.1-20230612.114412/server-1.20.1-20230612.114412-srg.jar%23373!/data/.mcassetsroot' uses unexpected schema
[30Sep2026 03:21:02.379] [Forge Version Check/INFO] [net.minecraftforge.fml.VersionChecker/]: [jeiintegration] Found status: BETA Current: 10.0.0 Target: null
[30Sep2026 03:21:02.380] [Forge Version Check/INFO] [net.minecraftforge.fml.VersionChecker/]: [easy_villagers] Starting version check at https://update.maxhenkel.de/forge/easy_villagers
[30Sep2026 03:21:02.480] [Forge Version Check/INFO] [net.minecraftforge.fml.VersionChecker/]: [easy_villagers] Found status: AHEAD Current: 1.20.1-1.1.39 Target: null
[30Sep2026 03:21:02.480] [Forge Version Check/INFO] [net.minecraftforge.fml.VersionChecker/]: [securitycraft] Starting version check at https://www.github.com/Geforce132/SecurityCraft/raw/master/Updates/Forge.json
[30Sep2026 03:21:02.545] [Forge Version Check/INFO] [net.minecraftforge.fml.VersionChecker/]: [securitycraft] Found status: OUTDATED Current: 1.9.12 Target: 1.10.2.1
[30Sep2026 03:21:02.545] [Forge Version Check/INFO] [net.minecraftforge.fml.VersionChecker/]: [inventoryhud] Starting version check at https://raw.githubusercontent.com/DmitryLovin/pluginUpdate/master/invupdate.json
[30Sep2026 03:21:02.560] [Forge Version Check/INFO] [net.minecraftforge.fml.VersionChecker/]: [inventoryhud] Found status: UP_TO_DATE Current: 3.4.26 Target: null
[30Sep2026 03:21:02.560] [Forge Version Check/INFO] [net.minecraftforge.fml.VersionChecker/]: [puzzleslib] Starting version check at https://raw.githubusercontent.com/Fuzss/modresources/main/update/puzzleslib.json
[30Sep2026 03:21:02.573] [Forge Version Check/INFO] [net.minecraftforge.fml.VersionChecker/]: [puzzleslib] Found status: OUTDATED Current: 8.1.25 Target: 8.1.34
[30Sep2026 03:21:02.573] [Forge Version Check/INFO] [net.minecraftforge.fml.VersionChecker/]: [aquamirae] Starting version check at https://raw.githubusercontent.com/ObscuriaLithium/Home/main/aquamirae/versions.json
[30Sep2026 03:21:02.607] [Forge Version Check/WARN] [net.minecraftforge.fml.VersionChecker/]: Failed to process update information
com.google.gson.JsonSyntaxException: java.lang.IllegalStateException: Expected BEGIN_OBJECT but was NUMBER at line 1 column 4 path $
	at com.google.gson.Gson.fromJson(Gson.java:1226) ~[gson-2.10.jar%2372!/:?]
	at com.google.gson.Gson.fromJson(Gson.java:1124) ~[gson-2.10.jar%2372!/:?]
	at com.google.gson.Gson.fromJson(Gson.java:1034) ~[gson-2.10.jar%2372!/:?]
	at com.google.gson.Gson.fromJson(Gson.java:969) ~[gson-2.10.jar%2372!/:?]
	at net.minecraftforge.fml.VersionChecker$1.process(VersionChecker.java:183) ~[fmlcore-1.20.1-47.3.7.jar%23374!/:?]
	at java.lang.Iterable.forEach(Iterable.java:75) ~[?:?]
	at net.minecraftforge.fml.VersionChecker$1.run(VersionChecker.java:114) ~[fmlcore-1.20.1-47.3.7.jar%23374!/:?]
Caused by: java.lang.IllegalStateException: Expected BEGIN_OBJECT but was NUMBER at line 1 column 4 path $
	at com.google.gson.stream.JsonReader.beginObject(JsonReader.java:393) ~[gson-2.10.jar%2372!/:?]
	at com.google.gson.internal.bind.MapTypeAdapterFactory$Adapter.read(MapTypeAdapterFactory.java:182) ~[gson-2.10.jar%2372!/:?]
	at com.google.gson.internal.bind.MapTypeAdapterFactory$Adapter.read(MapTypeAdapterFactory.java:144) ~[gson-2.10.jar%2372!/:?]
	at com.google.gson.Gson.fromJson(Gson.java:1214) ~[gson-2.10.jar%2372!/:?]
	... 6 more
[30Sep2026 03:21:04.443] [main/INFO] [com.jtorleonstudios.libraryferret.LibraryFerret/]: Structure placement for `awesomedungeon:abandoned_oak_palace/start_pool`: { spacing: 50, separation: 25, salt: 1694767080, useValueFromConfiguration: true}
[30Sep2026 03:21:04.450] [main/INFO] [com.jtorleonstudios.libraryferret.LibraryFerret/]: Structure placement for `awesomedungeonend:aws_all_end_structures/start_pool`: { spacing: 20, separation: 15, salt: 49082056, useValueFromConfiguration: true}
[30Sep2026 03:21:04.454] [main/INFO] [com.jtorleonstudios.libraryferret.LibraryFerret/]: Structure placement for `awesomedungeon:better_default_jungle_temple/start_pool`: { spacing: 50, separation: 25, salt: 1654787080, useValueFromConfiguration: true}
[30Sep2026 03:21:04.455] [main/INFO] [com.jtorleonstudios.libraryferret.LibraryFerret/]: Structure placement for `awesomedungeonocean:brigantine/start_pool`: { spacing: 50, separation: 25, salt: 254835856, useValueFromConfiguration: true}
[30Sep2026 03:21:04.464] [main/INFO] [com.jtorleonstudios.libraryferret.LibraryFerret/]: Structure placement for `awesomedungeon:desert_temple_husk/start_pool`: { spacing: 50, separation: 25, salt: 1394767080, useValueFromConfiguration: true}
[30Sep2026 03:21:04.472] [main/INFO] [com.jtorleonstudios.libraryferret.LibraryFerret/]: Structure placement for `awesomedungeonocean:frigate_large/start_pool`: { spacing: 50, separation: 25, salt: 35482856, useValueFromConfiguration: true}
[30Sep2026 03:21:04.473] [main/INFO] [com.jtorleonstudios.libraryferret.LibraryFerret/]: Structure placement for `awesomedungeonocean:frigate_medium/start_pool`: { spacing: 50, separation: 25, salt: 45482856, useValueFromConfiguration: true}
[30Sep2026 03:21:04.476] [main/INFO] [com.jtorleonstudios.libraryferret.LibraryFerret/]: Structure placement for `awesomedungeon:jungle_giant_tree/start_pool`: { spacing: 50, separation: 25, salt: 1494763380, useValueFromConfiguration: true}
[30Sep2026 03:21:04.484] [main/INFO] [com.jtorleonstudios.libraryferret.LibraryFerret/]: Structure placement for `awesomedungeon:mushroom_abandonned/start_pool`: { spacing: 50, separation: 25, salt: 1494227080, useValueFromConfiguration: true}
[30Sep2026 03:21:04.490] [main/INFO] [com.jtorleonstudios.libraryferret.LibraryFerret/]: Structure placement for `awesomedungeonnether:nth_absi_palace/start_pool`: { spacing: 50, separation: 25, salt: 19482856, useValueFromConfiguration: true}
[30Sep2026 03:21:04.490] [main/INFO] [com.jtorleonstudios.libraryferret.LibraryFerret/]: Structure placement for `awesomedungeonnether:nth_accum_quad/start_pool`: { spacing: 50, separation: 25, salt: 28482856, useValueFromConfiguration: true}
[30Sep2026 03:21:04.490] [main/INFO] [com.jtorleonstudios.libraryferret.LibraryFerret/]: Structure placement for `awesomedungeonnether:nth_blaze_tower/start_pool`: { spacing: 50, separation: 25, salt: 37482856, useValueFromConfiguration: true}
[30Sep2026 03:21:04.491] [main/INFO] [com.jtorleonstudios.libraryferret.LibraryFerret/]: Structure placement for `awesomedungeonnether:nth_center_square/start_pool`: { spacing: 50, separation: 25, salt: 46482856, useValueFromConfiguration: true}
[30Sep2026 03:21:04.491] [main/INFO] [com.jtorleonstudios.libraryferret.LibraryFerret/]: Structure placement for `awesomedungeonnether:nth_giant_crimson_tree/start_pool`: { spacing: 50, separation: 25, salt: 55482856, useValueFromConfiguration: true}
[30Sep2026 03:21:04.491] [main/INFO] [com.jtorleonstudios.libraryferret.LibraryFerret/]: Structure placement for `awesomedungeonnether:nth_obsi_house/start_pool`: { spacing: 50, separation: 25, salt: 64482856, useValueFromConfiguration: true}
[30Sep2026 03:21:04.492] [main/INFO] [com.jtorleonstudios.libraryferret.LibraryFerret/]: Structure placement for `awesomedungeonocean:ocean_cage/start_pool`: { spacing: 50, separation: 25, salt: 40842806, useValueFromConfiguration: true}
[30Sep2026 03:21:04.492] [main/INFO] [com.jtorleonstudios.libraryferret.LibraryFerret/]: Structure placement for `awesomedungeonocean:ocean_quad/start_pool`: { spacing: 50, separation: 25, salt: 254835856, useValueFromConfiguration: true}
[30Sep2026 03:21:04.493] [main/INFO] [com.jtorleonstudios.libraryferret.LibraryFerret/]: Structure placement for `awesomedungeonocean:ocean_ruin_pillager/start_pool`: { spacing: 50, separation: 25, salt: 254145856, useValueFromConfiguration: true}
[30Sep2026 03:21:04.493] [main/INFO] [com.jtorleonstudios.libraryferret.LibraryFerret/]: Structure placement for `awesomedungeonocean:ocean_ruin_vanilla_temple/start_pool`: { spacing: 50, separation: 25, salt: 25482856, useValueFromConfiguration: true}
[30Sep2026 03:21:04.494] [main/INFO] [com.jtorleonstudios.libraryferret.LibraryFerret/]: Structure placement for `awesomedungeonocean:ocean_temple_quad/start_pool`: { spacing: 50, separation: 25, salt: 35482856, useValueFromConfiguration: true}
[30Sep2026 03:21:04.494] [main/INFO] [com.jtorleonstudios.libraryferret.LibraryFerret/]: Structure placement for `awesomedungeonocean:ocean_the_column_temple/start_pool`: { spacing: 50, separation: 25, salt: 15482856, useValueFromConfiguration: true}
[30Sep2026 03:21:04.494] [main/INFO] [com.jtorleonstudios.libraryferret.LibraryFerret/]: Structure placement for `awesomedungeonocean:ocean_warn_temple/start_pool`: { spacing: 50, separation: 25, salt: 45482856, useValueFromConfiguration: true}
[30Sep2026 03:21:04.509] [main/INFO] [com.jtorleonstudios.libraryferret.LibraryFerret/]: Structure placement for `awesomedungeon:swamp_big_temple/start_pool`: { spacing: 50, separation: 25, salt: 1594763280, useValueFromConfiguration: true}
[30Sep2026 03:21:04.510] [main/INFO] [com.jtorleonstudios.libraryferret.LibraryFerret/]: Structure placement for `awesomedungeon:the_usine/start_pool`: { spacing: 50, separation: 25, salt: 1694767078, useValueFromConfiguration: true}
[30Sep2026 03:21:04.510] [main/INFO] [com.jtorleonstudios.libraryferret.LibraryFerret/]: Structure placement for `awesomedungeon:t_z_tower/start_pool`: { spacing: 50, separation: 25, salt: 1794767078, useValueFromConfiguration: true}
[30Sep2026 03:21:04.516] [main/INFO] [com.jtorleonstudios.libraryferret.LibraryFerret/]: Structure placement for `awesomedungeon:witch_castle/start_pool`: { spacing: 50, separation: 25, salt: 1894776078, useValueFromConfiguration: true}
[30Sep2026 03:21:07.754] [Worker-Main-2/ERROR] [net.minecraft.tags.TagLoader/]: Couldn't load tag minecraft:storage_blocks as it is missing following references: #forge:storage_blocks/enderite (from Enderite-2.0.0+1.20.1-Forge.jar)
[30Sep2026 03:21:07.796] [Worker-Main-3/ERROR] [net.minecraft.tags.TagLoader/]: Couldn't load tag totw_modded:has_structure/tw_mangrove_tower as it is missing following references: twilightforest:swamp (from totw_modded-forge-1.20.1-1.0.5.jar), 
	twilightforest:fire_swamp (from totw_modded-forge-1.20.1-1.0.5.jar)
[30Sep2026 03:21:07.799] [Worker-Main-3/ERROR] [net.minecraft.tags.TagLoader/]: Couldn't load tag totw_modded:has_structure/venus_tower as it is missing following references: ad_astra:infernal_venus_barrens (from totw_modded-forge-1.20.1-1.0.5.jar)
[30Sep2026 03:21:07.800] [Worker-Main-3/ERROR] [net.minecraft.tags.TagLoader/]: Couldn't load tag totw_modded:has_structure/moon_tower as it is missing following references: ad_astra:lunar_wastelands (from totw_modded-forge-1.20.1-1.0.5.jar)
[30Sep2026 03:21:07.802] [Worker-Main-3/ERROR] [net.minecraft.tags.TagLoader/]: Couldn't load tag totw_modded:has_structure/everbright_tower as it is missing following references: blue_skies:calming_skies (from totw_modded-forge-1.20.1-1.0.5.jar), 
	blue_skies:brightlands (from totw_modded-forge-1.20.1-1.0.5.jar), 
	blue_skies:slushlands (from totw_modded-forge-1.20.1-1.0.5.jar), 
	blue_skies:frostbitten_forest (from totw_modded-forge-1.20.1-1.0.5.jar), 
	blue_skies:frostbitten_forest_clearing (from totw_modded-forge-1.20.1-1.0.5.jar), 
	blue_skies:snow_covered_pines (from totw_modded-forge-1.20.1-1.0.5.jar), 
	blue_skies:brisk_meadow (from totw_modded-forge-1.20.1-1.0.5.jar), 
	blue_skies:polar_highland (from totw_modded-forge-1.20.1-1.0.5.jar)
[30Sep2026 03:21:07.802] [Worker-Main-3/ERROR] [net.minecraft.tags.TagLoader/]: Couldn't load tag totw_modded:has_structure/mars_tower as it is missing following references: ad_astra:martian_canyon_creek (from totw_modded-forge-1.20.1-1.0.5.jar), 
	ad_astra:martian_wastelands (from totw_modded-forge-1.20.1-1.0.5.jar)
[30Sep2026 03:21:07.803] [Worker-Main-3/ERROR] [net.minecraft.tags.TagLoader/]: Couldn't load tag totw_modded:has_structure/glacio_tower as it is missing following references: ad_astra:glacio_snowy_barrens (from totw_modded-forge-1.20.1-1.0.5.jar), 
	ad_astra:glacio_ice_peaks (from totw_modded-forge-1.20.1-1.0.5.jar)
[30Sep2026 03:21:07.803] [Worker-Main-3/ERROR] [net.minecraft.tags.TagLoader/]: Couldn't load tag totw_modded:has_structure/everdawn_tower as it is missing following references: blue_skies:unorthodox_valley (from totw_modded-forge-1.20.1-1.0.5.jar), 
	blue_skies:shaded_woodlands (from totw_modded-forge-1.20.1-1.0.5.jar), 
	blue_skies:crystal_dunes (from totw_modded-forge-1.20.1-1.0.5.jar), 
	blue_skies:crystal_dunes_spikes (from totw_modded-forge-1.20.1-1.0.5.jar), 
	blue_skies:sunset_maple_forest (from totw_modded-forge-1.20.1-1.0.5.jar), 
	blue_skies:rising_creek (from totw_modded-forge-1.20.1-1.0.5.jar), 
	blue_skies:crystal_roughs (from totw_modded-forge-1.20.1-1.0.5.jar), 
	blue_skies:searing_grassland (from totw_modded-forge-1.20.1-1.0.5.jar), 
	blue_skies:crescent_orchard (from totw_modded-forge-1.20.1-1.0.5.jar)
[30Sep2026 03:21:07.805] [Worker-Main-3/ERROR] [net.minecraft.tags.TagLoader/]: Couldn't load tag totw_modded:has_structure/ratlantis_tower as it is missing following references: rats:ratlantis (from totw_modded-forge-1.20.1-1.0.5.jar)
[30Sep2026 03:21:07.832] [Worker-Main-3/ERROR] [net.minecraft.tags.TagLoader/]: Couldn't load tag totw_modded:has_structure/tw_canopy_tower as it is missing following references: twilightforest:forest (from totw_modded-forge-1.20.1-1.0.5.jar), 
	twilightforest:spooky_forest (from totw_modded-forge-1.20.1-1.0.5.jar), 
	twilightforest:mushroom_forest (from totw_modded-forge-1.20.1-1.0.5.jar)
[30Sep2026 03:21:07.833] [Worker-Main-3/ERROR] [net.minecraft.tags.TagLoader/]: Couldn't load tag totw_modded:has_structure/mercury_tower as it is missing following references: ad_astra:mercury_deltas (from totw_modded-forge-1.20.1-1.0.5.jar)
[30Sep2026 03:21:07.903] [Worker-Main-1/ERROR] [net.minecraft.tags.TagLoader/]: Couldn't load tag minecraft:impact_projectiles as it is missing following references: ancient_elements:crystalbeam_projectile (from ancient_elements-1.3.4.jar), 
	ancient_elements:deflected_wind (from ancient_elements-1.3.4.jar), 
	ancient_elements:moltenspearprojektile (from ancient_elements-1.3.4.jar), 
	ancient_elements:wind (from ancient_elements-1.3.4.jar)
[30Sep2026 03:21:09.250] [Worker-Main-1/ERROR] [net.minecraftforge.common.ForgeHooks/]: Couldn't parse element loot_tables:simplyswords:grant_book_on_first_join
com.google.gson.JsonSyntaxException: Expected name to be an item, was unknown string 'patchouli:guide_book'
	at net.minecraft.util.GsonHelper.m_13866_(GsonHelper.java:145) ~[server-1.20.1-20230612.114412-srg.jar%23373!/:?]
	at java.util.Optional.orElseThrow(Optional.java:403) ~[?:?]
	at net.minecraft.util.GsonHelper.m_13874_(GsonHelper.java:145) ~[server-1.20.1-20230612.114412-srg.jar%23373!/:?]
	at net.minecraft.util.GsonHelper.m_13909_(GsonHelper.java:153) ~[server-1.20.1-20230612.114412-srg.jar%23373!/:?]
	at net.minecraft.world.level.storage.loot.entries.LootItem$Serializer.m_7267_(LootItem.java:55) ~[server-1.20.1-20230612.114412-srg.jar%23373!/:?]
	at net.minecraft.world.level.storage.loot.entries.LootItem$Serializer.m_7267_(LootItem.java:40) ~[server-1.20.1-20230612.114412-srg.jar%23373!/:?]
	at net.minecraft.world.level.storage.loot.entries.LootPoolSingletonContainer$Serializer.m_5921_(LootPoolSingletonContainer.java:151) ~[server-1.20.1-20230612.114412-srg.jar%23373!/:?]
	at net.minecraft.world.level.storage.loot.entries.LootPoolSingletonContainer$Serializer.m_5921_(LootPoolSingletonContainer.java:129) ~[server-1.20.1-20230612.114412-srg.jar%23373!/:?]
	at net.minecraft.world.level.storage.loot.entries.LootPoolEntryContainer$Serializer.m_7561_(LootPoolEntryContainer.java:86) ~[server-1.20.1-20230612.114412-srg.jar%23373!/:?]
	at net.minecraft.world.level.storage.loot.entries.LootPoolEntryContainer$Serializer.m_7561_(LootPoolEntryContainer.java:74) ~[server-1.20.1-20230612.114412-srg.jar%23373!/:?]
	at net.minecraft.world.level.storage.loot.GsonAdapterFactory$JsonAdapter.deserialize(GsonAdapterFactory.java:102) ~[server-1.20.1-20230612.114412-srg.jar%23373!/:?]
	at com.google.gson.internal.bind.TreeTypeAdapter.read(TreeTypeAdapter.java:76) ~[gson-2.10.jar%2372!/:?]
	at com.google.gson.internal.bind.TypeAdapterRuntimeTypeWrapper.read(TypeAdapterRuntimeTypeWrapper.java:40) ~[gson-2.10.jar%2372!/:?]
	at com.google.gson.internal.bind.ArrayTypeAdapter.read(ArrayTypeAdapter.java:72) ~[gson-2.10.jar%2372!/:?]
	at com.google.gson.Gson.fromJson(Gson.java:1214) ~[gson-2.10.jar%2372!/:?]
	at com.google.gson.Gson.fromJson(Gson.java:1319) ~[gson-2.10.jar%2372!/:?]
	at com.google.gson.Gson.fromJson(Gson.java:1290) ~[gson-2.10.jar%2372!/:?]
	at com.google.gson.internal.bind.TreeTypeAdapter$GsonContextImpl.deserialize(TreeTypeAdapter.java:179) ~[gson-2.10.jar%2372!/:?]
	at net.minecraft.util.GsonHelper.m_13808_(GsonHelper.java:463) ~[server-1.20.1-20230612.114412-srg.jar%23373!/:?]
	at net.minecraft.util.GsonHelper.m_13836_(GsonHelper.java:471) ~[server-1.20.1-20230612.114412-srg.jar%23373!/:?]
	at net.minecraft.world.level.storage.loot.LootPool$Serializer.deserialize(LootPool.java:192) ~[server-1.20.1-20230612.114412-srg.jar%23373!/:?]
	at net.minecraft.world.level.storage.loot.LootPool$Serializer.deserialize(LootPool.java:189) ~[server-1.20.1-20230612.114412-srg.jar%23373!/:?]
	at com.google.gson.internal.bind.TreeTypeAdapter.read(TreeTypeAdapter.java:76) ~[gson-2.10.jar%2372!/:?]
	at com.google.gson.internal.bind.TypeAdapterRuntimeTypeWrapper.read(TypeAdapterRuntimeTypeWrapper.java:40) ~[gson-2.10.jar%2372!/:?]
	at com.google.gson.internal.bind.ArrayTypeAdapter.read(ArrayTypeAdapter.java:72) ~[gson-2.10.jar%2372!/:?]
	at com.google.gson.Gson.fromJson(Gson.java:1214) ~[gson-2.10.jar%2372!/:?]
	at com.google.gson.Gson.fromJson(Gson.java:1319) ~[gson-2.10.jar%2372!/:?]
	at com.google.gson.Gson.fromJson(Gson.java:1290) ~[gson-2.10.jar%2372!/:?]
	at com.google.gson.internal.bind.TreeTypeAdapter$GsonContextImpl.deserialize(TreeTypeAdapter.java:179) ~[gson-2.10.jar%2372!/:?]
	at net.minecraft.util.GsonHelper.m_13808_(GsonHelper.java:463) ~[server-1.20.1-20230612.114412-srg.jar%23373!/:?]
	at net.minecraft.util.GsonHelper.m_13845_(GsonHelper.java:481) ~[server-1.20.1-20230612.114412-srg.jar%23373!/:?]
	at net.minecraft.world.level.storage.loot.LootTable$Serializer.deserialize(LootTable.java:294) ~[server-1.20.1-20230612.114412-srg.jar%23373!/:?]
	at net.minecraft.world.level.storage.loot.LootTable$Serializer.deserialize(LootTable.java:291) ~[server-1.20.1-20230612.114412-srg.jar%23373!/:?]
	at com.google.gson.internal.bind.TreeTypeAdapter.read(TreeTypeAdapter.java:76) ~[gson-2.10.jar%2372!/:?]
	at com.google.gson.Gson.fromJson(Gson.java:1214) ~[gson-2.10.jar%2372!/:?]
	at com.google.gson.Gson.fromJson(Gson.java:1319) ~[gson-2.10.jar%2372!/:?]
	at com.google.gson.Gson.fromJson(Gson.java:1261) ~[gson-2.10.jar%2372!/:?]
	at net.minecraftforge.common.ForgeHooks.loadLootTable(ForgeHooks.java:871) ~[forge-1.20.1-47.3.7-universal.jar%23378!/:?]
	at net.minecraftforge.common.ForgeHooks.lambda$getLootTableDeserializer$3(ForgeHooks.java:848) ~[forge-1.20.1-47.3.7-universal.jar%23378!/:?]
	at net.minecraft.world.level.storage.loot.LootDataType.deserialize(LootDataType.java:45) ~[server-1.20.1-20230612.114412-srg.jar%23373!/:?]
	at net.minecraft.world.level.storage.loot.LootDataManager.lambda$scheduleElementParse$4(LootDataManager.java:56) ~[server-1.20.1-20230612.114412-srg.jar%23373!/:?]
	at java.util.HashMap.forEach(HashMap.java:1421) ~[?:?]
	at net.minecraft.world.level.storage.loot.LootDataManager.m_278660_(LootDataManager.java:55) ~[server-1.20.1-20230612.114412-srg.jar%23373!/:?]
	at java.util.concurrent.CompletableFuture$AsyncRun.run(CompletableFuture.java:1804) ~[?:?]
	at java.util.concurrent.CompletableFuture$AsyncRun.exec(CompletableFuture.java:1796) ~[?:?]
	at java.util.concurrent.ForkJoinTask.doExec(ForkJoinTask.java:373) ~[?:?]
	at java.util.concurrent.ForkJoinPool$WorkQueue.topLevelExec(ForkJoinPool.java:1182) ~[?:?]
	at java.util.concurrent.ForkJoinPool.scan(ForkJoinPool.java:1655) ~[?:?]
	at java.util.concurrent.ForkJoinPool.runWorker(ForkJoinPool.java:1622) ~[?:?]
	at java.util.concurrent.ForkJoinWorkerThread.run(ForkJoinWorkerThread.java:165) ~[?:?]
[30Sep2026 03:21:12.963] [main/ERROR] [net.minecraft.world.item.crafting.RecipeManager/]: Parsing error loading recipe legendary_monsters:ender_hammer: com.google.gson.JsonSyntaxException: Unknown item 'legendary_monsters:ender_hammer'
[30Sep2026 03:21:13.021] [main/ERROR] [net.minecraft.world.item.crafting.RecipeManager/]: Parsing error loading recipe naturalist:frontier_cap: com.google.gson.JsonSyntaxException: Invalid or unsupported recipe type 'forge:mod_loaded'
[30Sep2026 03:21:13.025] [main/ERROR] [net.minecraft.world.item.crafting.RecipeManager/]: Parsing error loading recipe naturalist:frontier_cap_alt: com.google.gson.JsonSyntaxException: Invalid or unsupported recipe type 'forge:mod_loaded'
[30Sep2026 03:21:13.043] [main/INFO] [net.minecraft.world.item.crafting.RecipeManager/]: Loaded 24 recipes
[30Sep2026 03:21:13.142] [main/ERROR] [net.minecraft.server.ServerAdvancementManager/]: Parsing error loading custom advancement knightquest:recipes/misc/empty_goblet: Missing criteria, expected to find a JsonObject
[30Sep2026 03:21:13.184] [main/ERROR] [net.minecraft.server.ServerAdvancementManager/]: Parsing error loading custom advancement legendary_monsters:defeat_ambusher: Expected item to be an item, was unknown string 'legendary_monsters:ancient_dripstone_shard'
[30Sep2026 03:21:13.226] [main/INFO] [net.minecraft.advancements.AdvancementList/]: Loaded 4020 advancements
[30Sep2026 03:21:13.231] [main/INFO] [atomicstryker.dynamiclights.server.ItemLightLevels/]: Clearing item tag to light level mapping cache
[30Sep2026 03:21:13.268] [main/INFO] [top.theillusivec4.curios.Curios/]: Loaded 17 curio slots
[30Sep2026 03:21:13.278] [main/INFO] [top.theillusivec4.curios.Curios/]: Loaded 9 curio entities
[30Sep2026 03:21:13.280] [main/ERROR] [bettervillage/]: Ice And Fire compatibility is not enabled for Better Village and Ice And Fire is present in your mod list.
     - Please install the datapack for better compatibility between Better Villages and Ice And Fire.
     - You can find the datapack URL in the `compatibility` section of the Better Villages description.
     - URL=https://www.curseforge.com/minecraft/mc-mods/better-village-forge
[30Sep2026 03:21:13.280] [main/INFO] [Dungeon Crawl/]: Loading data...
[30Sep2026 03:21:13.604] [main/INFO] [Dungeon Crawl/]: Done.
[30Sep2026 03:21:13.639] [main/WARN] [net.minecraft.core.MappedRegistry/]: Not all defined tags for registry ResourceKey[minecraft:root / minecraft:worldgen/biome] are present in data pack: forsaken:has_structures/wells/pit/cobble, totw_modded:has_structure/everbright_tower, totw_modded:has_structure/everdawn_tower, totw_modded:has_structure/glacio_tower, totw_modded:has_structure/mars_tower, totw_modded:has_structure/mercury_tower, totw_modded:has_structure/moon_tower, totw_modded:has_structure/ratlantis_tower, totw_modded:has_structure/tw_canopy_tower, totw_modded:has_structure/tw_mangrove_tower, totw_modded:has_structure/venus_tower
[30Sep2026 03:21:14.121] [Server thread/INFO] [net.minecraft.server.dedicated.DedicatedServer/]: Starting minecraft server version 1.20.1
[30Sep2026 03:21:14.122] [Server thread/INFO] [net.minecraft.server.dedicated.DedicatedServer/]: Loading properties
[30Sep2026 03:21:14.122] [Server thread/INFO] [net.minecraft.server.dedicated.DedicatedServer/]: Default game type: SURVIVAL
[30Sep2026 03:21:14.122] [Server thread/INFO] [net.minecraft.server.MinecraftServer/]: Generating keypair
[30Sep2026 03:21:14.201] [Server thread/INFO] [net.minecraft.server.dedicated.DedicatedServer/]: Starting Minecraft server on *:25565
[30Sep2026 03:21:14.240] [Server thread/INFO] [net.minecraft.server.network.ServerConnectionListener/]: Using epoll channel type
[30Sep2026 03:21:14.326] [Server thread/WARN] [net.minecraft.server.dedicated.DedicatedServer/]: **** SERVER IS RUNNING IN OFFLINE/INSECURE MODE!
[30Sep2026 03:21:14.327] [Server thread/WARN] [net.minecraft.server.dedicated.DedicatedServer/]: The server will make no attempt to authenticate usernames. Beware.
[30Sep2026 03:21:14.327] [Server thread/WARN] [net.minecraft.server.dedicated.DedicatedServer/]: While this makes the game possible to play without internet access, it also opens up the ability for hackers to connect with any username they choose.
[30Sep2026 03:21:14.327] [Server thread/WARN] [net.minecraft.server.dedicated.DedicatedServer/]: To change this, set "online-mode" to "true" in the server.properties file.
[30Sep2026 03:21:14.349] [Server thread/INFO] [Puzzles Lib/]: Loading server config for pickupnotifier
[30Sep2026 03:21:14.355] [Server thread/INFO] [Puzzles Lib/]: Loading server config for easymagic
[30Sep2026 03:21:14.674] [Server thread/INFO] [FTB Teams/]: loaded team data: 2 known players, 3 teams total
[30Sep2026 03:21:14.678] [Server thread/INFO] [atomicstryker.dynamiclights.server.modules.PlayerSelfLightSource/]: item config parser identified itemstack 1 torch
[30Sep2026 03:21:14.678] [Server thread/INFO] [atomicstryker.dynamiclights.server.modules.PlayerSelfLightSource/]: item config parser identified itemstack 1 glowstone
[30Sep2026 03:21:14.678] [Server thread/INFO] [atomicstryker.dynamiclights.server.modules.PlayerSelfLightSource/]: item config parser finished, item count: 2
[30Sep2026 03:21:14.679] [Server thread/INFO] [atomicstryker.dynamiclights.server.modules.PlayerSelfLightSource/]: item config parser identified itemstack 1 torch
[30Sep2026 03:21:14.679] [Server thread/INFO] [atomicstryker.dynamiclights.server.modules.PlayerSelfLightSource/]: item config parser finished, item count: 1
[30Sep2026 03:21:14.680] [Server thread/INFO] [atomicstryker.dynamiclights.server.modules.DroppedItemsLightSource/]: item config parser identified itemstack 1 torch
[30Sep2026 03:21:14.680] [Server thread/INFO] [atomicstryker.dynamiclights.server.modules.DroppedItemsLightSource/]: item config parser identified itemstack 1 glowstone
[30Sep2026 03:21:14.680] [Server thread/INFO] [atomicstryker.dynamiclights.server.modules.DroppedItemsLightSource/]: item config parser finished, item count: 2
[30Sep2026 03:21:14.680] [Server thread/INFO] [atomicstryker.dynamiclights.server.modules.DroppedItemsLightSource/]: item config parser identified itemstack 1 torch
[30Sep2026 03:21:14.681] [Server thread/INFO] [atomicstryker.dynamiclights.server.modules.DroppedItemsLightSource/]: item config parser finished, item count: 1
[30Sep2026 03:21:15.001] [Server thread/INFO] [Framework/]: Loading server configs...
[30Sep2026 03:21:15.693] [Server thread/INFO] [terrablender/]: Initialized TerraBlender biomes for level stem minecraft:overworld
[30Sep2026 03:21:15.693] [Server thread/INFO] [terrablender/]: Initialized TerraBlender biomes for level stem minecraft:the_nether
[30Sep2026 03:21:15.694] [Server thread/INFO] [net.minecraft.server.dedicated.DedicatedServer/]: Preparing level "world"
[30Sep2026 03:21:16.723] [Server thread/INFO] [net.minecraft.server.MinecraftServer/]: Preparing start region for dimension minecraft:overworld
[30Sep2026 03:21:16.730] [Server thread/WARN] [mixin/]: Method overwrite conflict for removeIf in lithium.mixins.json:world.chunk_tickets.SortedArraySetMixin, previously written by org.embeddedt.modernfix.common.mixin.bugfix.paper_chunk_patches.SortedArraySetMixin. Skipping method.
[30Sep2026 03:21:18.727] [Server thread/INFO] [net.minecraft.server.level.progress.LoggerChunkProgressListener/]: Preparing spawn area: 0%
[30Sep2026 03:21:18.727] [Server thread/INFO] [net.minecraft.server.level.progress.LoggerChunkProgressListener/]: Preparing spawn area: 0%
[30Sep2026 03:21:18.728] [Server thread/INFO] [net.minecraft.server.level.progress.LoggerChunkProgressListener/]: Preparing spawn area: 0%
[30Sep2026 03:21:18.728] [Server thread/INFO] [net.minecraft.server.level.progress.LoggerChunkProgressListener/]: Preparing spawn area: 0%
[30Sep2026 03:21:18.730] [Server thread/INFO] [net.minecraft.server.level.progress.LoggerChunkProgressListener/]: Preparing spawn area: 0%
[30Sep2026 03:21:19.275] [Server thread/INFO] [net.minecraft.server.level.progress.LoggerChunkProgressListener/]: Preparing spawn area: 0%
[30Sep2026 03:21:19.752] [Server thread/INFO] [net.minecraft.server.level.progress.LoggerChunkProgressListener/]: Preparing spawn area: 0%
[30Sep2026 03:21:20.226] [Server thread/INFO] [net.minecraft.server.level.progress.LoggerChunkProgressListener/]: Preparing spawn area: 0%
[30Sep2026 03:21:20.725] [Worker-Main-2/INFO] [net.minecraft.server.level.progress.LoggerChunkProgressListener/]: Preparing spawn area: 13%
[30Sep2026 03:21:21.226] [Server thread/INFO] [net.minecraft.server.level.progress.LoggerChunkProgressListener/]: Preparing spawn area: 44%
[30Sep2026 03:21:21.727] [Server thread/INFO] [net.minecraft.server.level.progress.LoggerChunkProgressListener/]: Preparing spawn area: 83%
[30Sep2026 03:21:22.019] [Server thread/INFO] [net.minecraft.server.level.progress.LoggerChunkProgressListener/]: Time elapsed: 5295 ms
[30Sep2026 03:21:22.019] [Server thread/INFO] [net.minecraft.server.dedicated.DedicatedServer/]: Done (7.681s)! For help, type "help"
[30Sep2026 03:21:22.104] [Server thread/INFO] [net.minecraftforge.server.permission.PermissionAPI/]: Successfully initialized permission handler forge:default_handler
[30Sep2026 03:21:22.105] [Server thread/INFO] [xaero.map.WorldMap/]: Registered synced player tracker system: ftb_teams
[30Sep2026 03:21:22.109] [Server thread/INFO] [xaero.hud.minimap.MinimapLogs/]: Registered synced player tracker system: ftb_teams
[30Sep2026 03:21:22.121] [Server thread/INFO] [com.github.alexthe666.iceandfire.IceAndFire/]: {iceandfire:fire_dragon_roost=true, iceandfire:fire_lily=true, iceandfire:spawn_dragon_skeleton_fire=true, iceandfire:lightning_dragon_roost=true, iceandfire:spawn_dragon_skeleton_lightning=true, iceandfire:ice_dragon_roost=true, iceandfire:ice_dragon_cave=true, iceandfire:lightning_dragon_cave=true, iceandfire:cyclops_cave=true, iceandfire:spawn_wandering_cyclops=true, iceandfire:spawn_sea_serpent=true, iceandfire:frost_lily=true, iceandfire:hydra_cave=true, iceandfire:lightning_lily=true, iceandfire:pixie_village=true, iceandfire:myrmex_hive_jungle=true, iceandfire:myrmex_hive_desert=true, iceandfire:silver_ore=true, iceandfire:siren_island=true, iceandfire:spawn_dragon_skeleton_ice=true, iceandfire:spawn_stymphalian_bird=true, iceandfire:fire_dragon_cave=true, iceandfire:sapphire_ore=true, iceandfire:spawn_hippocampus=true, iceandfire:spawn_death_worm=true}
[30Sep2026 03:21:22.121] [Server thread/INFO] [com.github.alexthe666.iceandfire.IceAndFire/]: {TROLL_S=true, HIPPOGRYPH=true, AMPHITHERE=true, COCKATRICE=true, TROLL_M=true, DREAD_LICH=true, TROLL_F=true}
[30Sep2026 03:21:22.293] [Server thread/INFO] [net.bettercombat.logic.WeaponRegistry/]: Encoded Weapon Attribute registry size (with package overhead): 288229 bytes (in 29 string chunks with the size of 10000)
[30Sep2026 03:21:22.294] [Server thread/WARN] [ModernFix/]: Dedicated server took 75.546 seconds to load
[30Sep2026 03:21:48.045] [Server thread/INFO] [net.minecraft.server.players.PlayerList/]: KMRgamer[/127.181.128.176:35619] logged in with entity id 298 at (-128.543439272416, 59.0, 39.47137383719509)
[30Sep2026 03:21:48.154] [Server thread/INFO] [net.minecraft.server.MinecraftServer/]: KMRgamer joined the game
[30Sep2026 03:21:48.408] [Server thread/INFO] [Jade/]: Syncing config to KMRgamer (81d4bb36-7c62-3f61-b5c9-278b801c6b62)
[30Sep2026 03:22:13.782] [Server thread/INFO] [net.minecraft.server.players.PlayerList/]: natthaniel777[/127.138.109.16:45527] logged in with entity id 406 at (-134.68087780789952, 65.0, 33.85645874837617)
[30Sep2026 03:22:13.795] [Server thread/INFO] [net.minecraft.server.MinecraftServer/]: natthaniel777 joined the game
[30Sep2026 03:22:13.898] [Server thread/INFO] [Jade/]: Syncing config to natthaniel777 (f54cd891-909f-3c9b-a9d0-760fc350073f)
[30Sep2026 03:32:49.293] [Worker-Main-1/ERROR] [net.minecraft.Util/]: Detected setBlock in a far chunk [1, 16], pos: MutableBlockPos{x=17, y=138, z=264}, status: minecraft:features, currently generating: ResourceKey[minecraft:worldgen/placed_feature / hearths:minecraft/nether_wastes/netherrack_lakes]
[30Sep2026 03:32:50.538] [Worker-Main-1/ERROR] [net.minecraft.Util/]: Detected setBlock in a far chunk [1, 17], pos: MutableBlockPos{x=19, y=31, z=273}, status: minecraft:features, currently generating: ResourceKey[minecraft:worldgen/placed_feature / hearths:minecraft/nether_wastes/blackstone_lakes]
[30Sep2026 03:32:50.539] [Worker-Main-1/ERROR] [net.minecraft.Util/]: Detected setBlock in a far chunk [1, 17], pos: MutableBlockPos{x=18, y=31, z=272}, status: minecraft:features, currently generating: ResourceKey[minecraft:worldgen/placed_feature / hearths:minecraft/nether_wastes/blackstone_lakes]
[30Sep2026 03:32:50.539] [Worker-Main-1/ERROR] [net.minecraft.Util/]: Detected setBlock in a far chunk [0, 17], pos: MutableBlockPos{x=8, y=31, z=272}, status: minecraft:features, currently generating: ResourceKey[minecraft:worldgen/placed_feature / hearths:minecraft/nether_wastes/blackstone_lakes]
[30Sep2026 03:32:50.540] [Worker-Main-1/ERROR] [net.minecraft.Util/]: Detected setBlock in a far chunk [0, 17], pos: MutableBlockPos{x=12, y=32, z=273}, status: minecraft:features, currently generating: ResourceKey[minecraft:worldgen/placed_feature / hearths:minecraft/nether_wastes/blackstone_lakes]
[30Sep2026 03:32:50.540] [Worker-Main-1/ERROR] [net.minecraft.Util/]: Detected setBlock in a far chunk [0, 17], pos: MutableBlockPos{x=12, y=30, z=272}, status: minecraft:features, currently generating: ResourceKey[minecraft:worldgen/placed_feature / hearths:minecraft/nether_wastes/blackstone_lakes]
[30Sep2026 03:32:50.569] [Worker-Main-3/ERROR] [net.minecraft.Util/]: Detected setBlock in a far chunk [3, 15], pos: MutableBlockPos{x=48, y=34, z=255}, status: minecraft:features, currently generating: ResourceKey[minecraft:worldgen/placed_feature / hearths:minecraft/nether_wastes/netherrack_lakes]
[30Sep2026 03:32:50.570] [Worker-Main-3/ERROR] [net.minecraft.Util/]: Detected setBlock in a far chunk [3, 15], pos: MutableBlockPos{x=48, y=33, z=255}, status: minecraft:features, currently generating: ResourceKey[minecraft:worldgen/placed_feature / hearths:minecraft/nether_wastes/netherrack_lakes]
[30Sep2026 03:32:50.570] [Worker-Main-3/ERROR] [net.minecraft.Util/]: Detected setBlock in a far chunk [3, 15], pos: MutableBlockPos{x=49, y=34, z=255}, status: minecraft:features, currently generating: ResourceKey[minecraft:worldgen/placed_feature / hearths:minecraft/nether_wastes/netherrack_lakes]
[30Sep2026 03:32:50.570] [Worker-Main-3/ERROR] [net.minecraft.Util/]: Detected setBlock in a far chunk [3, 15], pos: MutableBlockPos{x=49, y=33, z=255}, status: minecraft:features, currently generating: ResourceKey[minecraft:worldgen/placed_feature / hearths:minecraft/nether_wastes/netherrack_lakes]
[30Sep2026 03:32:50.571] [Worker-Main-3/ERROR] [net.minecraft.Util/]: Detected setBlock in a far chunk [3, 16], pos: MutableBlockPos{x=48, y=35, z=256}, status: minecraft:features, currently generating: ResourceKey[minecraft:worldgen/placed_feature / hearths:minecraft/nether_wastes/netherrack_lakes]
[30Sep2026 03:32:50.571] [Worker-Main-3/ERROR] [net.minecraft.Util/]: Detected setBlock in a far chunk [3, 16], pos: MutableBlockPos{x=48, y=34, z=256}, status: minecraft:features, currently generating: ResourceKey[minecraft:worldgen/placed_feature / hearths:minecraft/nether_wastes/netherrack_lakes]
[30Sep2026 03:32:50.572] [Worker-Main-3/ERROR] [net.minecraft.Util/]: Detected setBlock in a far chunk [3, 16], pos: MutableBlockPos{x=48, y=33, z=256}, status: minecraft:features, currently generating: ResourceKey[minecraft:worldgen/placed_feature / hearths:minecraft/nether_wastes/netherrack_lakes]
[30Sep2026 03:32:50.572] [Worker-Main-3/ERROR] [net.minecraft.Util/]: Detected setBlock in a far chunk [3, 16], pos: MutableBlockPos{x=49, y=35, z=256}, status: minecraft:features, currently generating: ResourceKey[minecraft:worldgen/placed_feature / hearths:minecraft/nether_wastes/netherrack_lakes]
[30Sep2026 03:32:50.573] [Worker-Main-3/ERROR] [net.minecraft.Util/]: Detected setBlock in a far chunk [3, 16], pos: MutableBlockPos{x=49, y=34, z=256}, status: minecraft:features, currently generating: ResourceKey[minecraft:worldgen/placed_feature / hearths:minecraft/nether_wastes/netherrack_lakes]
[30Sep2026 03:32:50.573] [Worker-Main-3/ERROR] [net.minecraft.Util/]: Detected setBlock in a far chunk [3, 16], pos: MutableBlockPos{x=49, y=33, z=256}, status: minecraft:features, currently generating: ResourceKey[minecraft:worldgen/placed_feature / hearths:minecraft/nether_wastes/netherrack_lakes]
[30Sep2026 03:32:50.573] [Worker-Main-3/ERROR] [net.minecraft.Util/]: Detected setBlock in a far chunk [3, 16], pos: MutableBlockPos{x=48, y=35, z=257}, status: minecraft:features, currently generating: ResourceKey[minecraft:worldgen/placed_feature / hearths:minecraft/nether_wastes/netherrack_lakes]
[30Sep2026 03:32:50.573] [Worker-Main-3/ERROR] [net.minecraft.Util/]: Detected setBlock in a far chunk [3, 16], pos: MutableBlockPos{x=48, y=34, z=257}, status: minecraft:features, currently generating: ResourceKey[minecraft:worldgen/placed_feature / hearths:minecraft/nether_wastes/netherrack_lakes]
[30Sep2026 03:32:50.574] [Worker-Main-3/ERROR] [net.minecraft.Util/]: Detected setBlock in a far chunk [3, 16], pos: MutableBlockPos{x=48, y=33, z=257}, status: minecraft:features, currently generating: ResourceKey[minecraft:worldgen/placed_feature / hearths:minecraft/nether_wastes/netherrack_lakes]
[30Sep2026 03:32:50.574] [Worker-Main-3/ERROR] [net.minecraft.Util/]: Detected setBlock in a far chunk [3, 16], pos: MutableBlockPos{x=49, y=35, z=257}, status: minecraft:features, currently generating: ResourceKey[minecraft:worldgen/placed_feature / hearths:minecraft/nether_wastes/netherrack_lakes]
[30Sep2026 03:32:50.575] [Worker-Main-3/ERROR] [net.minecraft.Util/]: Detected setBlock in a far chunk [3, 16], pos: MutableBlockPos{x=49, y=34, z=257}, status: minecraft:features, currently generating: ResourceKey[minecraft:worldgen/placed_feature / hearths:minecraft/nether_wastes/netherrack_lakes]
[30Sep2026 03:32:50.575] [Worker-Main-3/ERROR] [net.minecraft.Util/]: Detected setBlock in a far chunk [3, 16], pos: MutableBlockPos{x=49, y=33, z=257}, status: minecraft:features, currently generating: ResourceKey[minecraft:worldgen/placed_feature / hearths:minecraft/nether_wastes/netherrack_lakes]
[30Sep2026 03:32:50.575] [Worker-Main-3/ERROR] [net.minecraft.Util/]: Detected setBlock in a far chunk [3, 16], pos: MutableBlockPos{x=50, y=35, z=257}, status: minecraft:features, currently generating: ResourceKey[minecraft:worldgen/placed_feature / hearths:minecraft/nether_wastes/netherrack_lakes]
[30Sep2026 03:32:50.575] [Worker-Main-3/ERROR] [net.minecraft.Util/]: Detected setBlock in a far chunk [3, 16], pos: MutableBlockPos{x=50, y=34, z=257}, status: minecraft:features, currently generating: ResourceKey[minecraft:worldgen/placed_feature / hearths:minecraft/nether_wastes/netherrack_lakes]
[30Sep2026 03:32:50.576] [Worker-Main-3/ERROR] [net.minecraft.Util/]: Detected setBlock in a far chunk [3, 16], pos: MutableBlockPos{x=50, y=33, z=257}, status: minecraft:features, currently generating: ResourceKey[minecraft:worldgen/placed_feature / hearths:minecraft/nether_wastes/netherrack_lakes]
[30Sep2026 03:32:50.576] [Worker-Main-3/ERROR] [net.minecraft.Util/]: Detected setBlock in a far chunk [3, 16], pos: MutableBlockPos{x=48, y=35, z=258}, status: minecraft:features, currently generating: ResourceKey[minecraft:worldgen/placed_feature / hearths:minecraft/nether_wastes/netherrack_lakes]
[30Sep2026 03:32:50.576] [Worker-Main-3/ERROR] [net.minecraft.Util/]: Detected setBlock in a far chunk [3, 16], pos: MutableBlockPos{x=48, y=34, z=258}, status: minecraft:features, currently generating: ResourceKey[minecraft:worldgen/placed_feature / hearths:minecraft/nether_wastes/netherrack_lakes]
[30Sep2026 03:32:50.576] [Worker-Main-3/ERROR] [net.minecraft.Util/]: Detected setBlock in a far chunk [3, 16], pos: MutableBlockPos{x=48, y=33, z=258}, status: minecraft:features, currently generating: ResourceKey[minecraft:worldgen/placed_feature / hearths:minecraft/nether_wastes/netherrack_lakes]
[30Sep2026 03:32:50.576] [Worker-Main-3/ERROR] [net.minecraft.Util/]: Detected setBlock in a far chunk [3, 16], pos: MutableBlockPos{x=49, y=35, z=258}, status: minecraft:features, currently generating: ResourceKey[minecraft:worldgen/placed_feature / hearths:minecraft/nether_wastes/netherrack_lakes]
[30Sep2026 03:32:50.577] [Worker-Main-3/ERROR] [net.minecraft.Util/]: Detected setBlock in a far chunk [3, 16], pos: MutableBlockPos{x=49, y=34, z=258}, status: minecraft:features, currently generating: ResourceKey[minecraft:worldgen/placed_feature / hearths:minecraft/nether_wastes/netherrack_lakes]
[30Sep2026 03:32:50.577] [Worker-Main-3/ERROR] [net.minecraft.Util/]: Detected setBlock in a far chunk [3, 16], pos: MutableBlockPos{x=49, y=33, z=258}, status: minecraft:features, currently generating: ResourceKey[minecraft:worldgen/placed_feature / hearths:minecraft/nether_wastes/netherrack_lakes]
[30Sep2026 03:32:50.578] [Worker-Main-3/ERROR] [net.minecraft.Util/]: Detected setBlock in a far chunk [3, 16], pos: MutableBlockPos{x=48, y=34, z=259}, status: minecraft:features, currently generating: ResourceKey[minecraft:worldgen/placed_feature / hearths:minecraft/nether_wastes/netherrack_lakes]
[30Sep2026 03:32:50.578] [Worker-Main-3/ERROR] [net.minecraft.Util/]: Detected setBlock in a far chunk [3, 16], pos: MutableBlockPos{x=48, y=33, z=259}, status: minecraft:features, currently generating: ResourceKey[minecraft:worldgen/placed_feature / hearths:minecraft/nether_wastes/netherrack_lakes]
[30Sep2026 03:32:50.578] [Worker-Main-3/ERROR] [net.minecraft.Util/]: Detected setBlock in a far chunk [3, 16], pos: MutableBlockPos{x=49, y=34, z=259}, status: minecraft:features, currently generating: ResourceKey[minecraft:worldgen/placed_feature / hearths:minecraft/nether_wastes/netherrack_lakes]
[30Sep2026 03:32:50.579] [Worker-Main-3/ERROR] [net.minecraft.Util/]: Detected setBlock in a far chunk [3, 16], pos: MutableBlockPos{x=49, y=33, z=259}, status: minecraft:features, currently generating: ResourceKey[minecraft:worldgen/placed_feature / hearths:minecraft/nether_wastes/netherrack_lakes]
[30Sep2026 03:32:50.579] [Worker-Main-3/ERROR] [net.minecraft.Util/]: Detected setBlock in a far chunk [3, 15], pos: MutableBlockPos{x=48, y=34, z=255}, status: minecraft:features, currently generating: ResourceKey[minecraft:worldgen/placed_feature / hearths:minecraft/nether_wastes/netherrack_lakes]
[30Sep2026 03:32:50.621] [Worker-Main-3/ERROR] [net.minecraft.Util/]: Detected setBlock in a far chunk [9, 15], pos: MutableBlockPos{x=145, y=42, z=252}, status: minecraft:features, currently generating: ResourceKey[minecraft:worldgen/placed_feature / hearths:minecraft/nether_wastes/netherrack_lakes]
[30Sep2026 03:32:50.629] [Worker-Main-2/ERROR] [net.minecraft.Util/]: Detected setBlock in a far chunk [8, 15], pos: MutableBlockPos{x=128, y=58, z=254}, status: minecraft:features, currently generating: ResourceKey[minecraft:worldgen/placed_feature / hearths:minecraft/nether_wastes/netherrack_lakes]
[30Sep2026 03:32:50.643] [Worker-Main-2/ERROR] [net.minecraft.Util/]: Detected setBlock in a far chunk [5, 17], pos: MutableBlockPos{x=91, y=53, z=272}, status: minecraft:features, currently generating: ResourceKey[minecraft:worldgen/placed_feature / hearths:minecraft/nether_wastes/magma_lakes]
[30Sep2026 03:32:50.644] [Worker-Main-2/ERROR] [net.minecraft.Util/]: Detected setBlock in a far chunk [5, 17], pos: MutableBlockPos{x=94, y=53, z=272}, status: minecraft:features, currently generating: ResourceKey[minecraft:worldgen/placed_feature / hearths:minecraft/nether_wastes/magma_lakes]
[30Sep2026 03:32:50.644] [Worker-Main-2/ERROR] [net.minecraft.Util/]: Detected setBlock in a far chunk [5, 17], pos: MutableBlockPos{x=89, y=53, z=272}, status: minecraft:features, currently generating: ResourceKey[minecraft:worldgen/placed_feature / hearths:minecraft/nether_wastes/magma_lakes]
[30Sep2026 03:32:53.232] [Worker-Main-3/ERROR] [net.minecraft.Util/]: Detected setBlock in a far chunk [-8, 18], pos: MutableBlockPos{x=-113, y=32, z=290}, status: minecraft:features, currently generating: ResourceKey[minecraft:worldgen/placed_feature / hearths:minecraft/nether_wastes/netherrack_lakes]
[30Sep2026 03:32:53.233] [Worker-Main-3/ERROR] [net.minecraft.Util/]: Detected setBlock in a far chunk [-7, 18], pos: MutableBlockPos{x=-108, y=31, z=290}, status: minecraft:features, currently generating: ResourceKey[minecraft:worldgen/placed_feature / hearths:minecraft/nether_wastes/netherrack_lakes]
[30Sep2026 03:32:53.233] [Worker-Main-3/ERROR] [net.minecraft.Util/]: Detected setBlock in a far chunk [-8, 18], pos: MutableBlockPos{x=-120, y=30, z=290}, status: minecraft:features, currently generating: ResourceKey[minecraft:worldgen/placed_feature / hearths:minecraft/nether_wastes/netherrack_lakes]
[30Sep2026 03:32:53.233] [Worker-Main-3/ERROR] [net.minecraft.Util/]: Detected setBlock in a far chunk [-7, 18], pos: MutableBlockPos{x=-112, y=30, z=291}, status: minecraft:features, currently generating: ResourceKey[minecraft:worldgen/placed_feature / hearths:minecraft/nether_wastes/netherrack_lakes]
[30Sep2026 03:32:53.378] [Worker-Main-3/ERROR] [net.minecraft.Util/]: Detected setBlock in a far chunk [-4, 18], pos: MutableBlockPos{x=-52, y=35, z=288}, status: minecraft:features, currently generating: ResourceKey[minecraft:worldgen/placed_feature / hearths:minecraft/nether_wastes/netherrack_lakes]
[30Sep2026 03:32:53.491] [Worker-Main-1/ERROR] [net.minecraft.Util/]: Detected setBlock in a far chunk [-1, 17], pos: BlockPos{x=-16, y=76, z=278}, status: minecraft:features, currently generating: ResourceKey[minecraft:worldgen/placed_feature / hearths:minecraft/nether_wastes/ceiling_pillars]
[30Sep2026 03:32:53.491] [Worker-Main-1/ERROR] [net.minecraft.Util/]: Detected setBlock in a far chunk [-1, 17], pos: BlockPos{x=-16, y=76, z=278}, status: minecraft:features, currently generating: ResourceKey[minecraft:worldgen/placed_feature / hearths:minecraft/nether_wastes/ceiling_pillars]
[30Sep2026 03:32:53.491] [Worker-Main-1/ERROR] [net.minecraft.Util/]: Detected setBlock in a far chunk [-1, 17], pos: BlockPos{x=-16, y=76, z=277}, status: minecraft:features, currently generating: ResourceKey[minecraft:worldgen/placed_feature / hearths:minecraft/nether_wastes/ceiling_pillars]
[30Sep2026 03:32:53.492] [Worker-Main-1/ERROR] [net.minecraft.Util/]: Detected setBlock in a far chunk [-1, 17], pos: BlockPos{x=-16, y=76, z=278}, status: minecraft:features, currently generating: ResourceKey[minecraft:worldgen/placed_feature / hearths:minecraft/nether_wastes/ceiling_pillars]
[30Sep2026 03:32:53.492] [Worker-Main-1/ERROR] [net.minecraft.Util/]: Detected setBlock in a far chunk [-1, 17], pos: BlockPos{x=-16, y=76, z=279}, status: minecraft:features, currently generating: ResourceKey[minecraft:worldgen/placed_feature / hearths:minecraft/nether_wastes/ceiling_pillars]
[30Sep2026 03:32:53.492] [Worker-Main-1/ERROR] [net.minecraft.Util/]: Detected setBlock in a far chunk [-1, 17], pos: BlockPos{x=-16, y=76, z=278}, status: minecraft:features, currently generating: ResourceKey[minecraft:worldgen/placed_feature / hearths:minecraft/nether_wastes/ceiling_pillars]
[30Sep2026 03:32:53.492] [Worker-Main-1/ERROR] [net.minecraft.Util/]: Detected setBlock in a far chunk [-1, 17], pos: BlockPos{x=-16, y=76, z=276}, status: minecraft:features, currently generating: ResourceKey[minecraft:worldgen/placed_feature / hearths:minecraft/nether_wastes/ceiling_pillars]
[30Sep2026 03:32:53.493] [Worker-Main-1/ERROR] [net.minecraft.Util/]: Detected setBlock in a far chunk [-1, 17], pos: BlockPos{x=-16, y=76, z=277}, status: minecraft:features, currently generating: ResourceKey[minecraft:worldgen/placed_feature / hearths:minecraft/nether_wastes/ceiling_pillars]
[30Sep2026 03:32:53.493] [Worker-Main-1/ERROR] [net.minecraft.Util/]: Detected setBlock in a far chunk [-1, 17], pos: BlockPos{x=-16, y=76, z=278}, status: minecraft:features, currently generating: ResourceKey[minecraft:worldgen/placed_feature / hearths:minecraft/nether_wastes/ceiling_pillars]
[30Sep2026 03:32:53.493] [Worker-Main-1/ERROR] [net.minecraft.Util/]: Detected setBlock in a far chunk [-1, 17], pos: BlockPos{x=-15, y=76, z=277}, status: minecraft:features, currently generating: ResourceKey[minecraft:worldgen/placed_feature / hearths:minecraft/nether_wastes/ceiling_pillars]
[30Sep2026 03:32:53.493] [Worker-Main-1/ERROR] [net.minecraft.Util/]: Detected setBlock in a far chunk [-1, 17], pos: BlockPos{x=-16, y=76, z=279}, status: minecraft:features, currently generating: ResourceKey[minecraft:worldgen/placed_feature / hearths:minecraft/nether_wastes/ceiling_pillars]
[30Sep2026 03:32:53.493] [Worker-Main-1/ERROR] [net.minecraft.Util/]: Detected setBlock in a far chunk [-1, 17], pos: BlockPos{x=-15, y=76, z=278}, status: minecraft:features, currently generating: ResourceKey[minecraft:worldgen/placed_feature / hearths:minecraft/nether_wastes/ceiling_pillars]
[30Sep2026 03:32:53.494] [Worker-Main-1/ERROR] [net.minecraft.Util/]: Detected setBlock in a far chunk [-1, 17], pos: BlockPos{x=-15, y=77, z=279}, status: minecraft:features, currently generating: ResourceKey[minecraft:worldgen/placed_feature / hearths:minecraft/nether_wastes/ceiling_pillars]
[30Sep2026 03:32:53.494] [Worker-Main-1/ERROR] [net.minecraft.Util/]: Detected setBlock in a far chunk [-1, 17], pos: BlockPos{x=-16, y=76, z=280}, status: minecraft:features, currently generating: ResourceKey[minecraft:worldgen/placed_feature / hearths:minecraft/nether_wastes/ceiling_pillars]
[30Sep2026 03:32:53.494] [Worker-Main-1/ERROR] [net.minecraft.Util/]: Detected setBlock in a far chunk [-1, 17], pos: BlockPos{x=-16, y=76, z=277}, status: minecraft:features, currently generating: ResourceKey[minecraft:worldgen/placed_feature / hearths:minecraft/nether_wastes/ceiling_pillars]
[30Sep2026 03:32:53.497] [Worker-Main-1/ERROR] [net.minecraft.Util/]: Detected setBlock in a far chunk [-1, 17], pos: MutableBlockPos{x=-13, y=85, z=272}, status: minecraft:features, currently generating: ResourceKey[minecraft:worldgen/placed_feature / hearths:minecraft/nether_wastes/blackstone_lakes]
[30Sep2026 03:32:53.587] [Worker-Main-3/ERROR] [net.minecraft.Util/]: Detected setBlock in a far chunk [4, 16], pos: MutableBlockPos{x=64, y=69, z=270}, status: minecraft:features, currently generating: ResourceKey[minecraft:worldgen/placed_feature / hearths:minecraft/nether_wastes/blackstone_lakes]
[30Sep2026 03:32:53.588] [Worker-Main-3/ERROR] [net.minecraft.Util/]: Detected setBlock in a far chunk [4, 16], pos: MutableBlockPos{x=64, y=68, z=270}, status: minecraft:features, currently generating: ResourceKey[minecraft:worldgen/placed_feature / hearths:minecraft/nether_wastes/blackstone_lakes]
[30Sep2026 03:32:53.589] [Worker-Main-3/ERROR] [net.minecraft.Util/]: Detected setBlock in a far chunk [2, 18], pos: MutableBlockPos{x=38, y=71, z=289}, status: minecraft:features, currently generating: ResourceKey[minecraft:worldgen/placed_feature / hearths:minecraft/nether_wastes/netherrack_lakes]
[30Sep2026 03:32:53.589] [Worker-Main-3/ERROR] [net.minecraft.Util/]: Detected setBlock in a far chunk [2, 18], pos: MutableBlockPos{x=38, y=71, z=290}, status: minecraft:features, currently generating: ResourceKey[minecraft:worldgen/placed_feature / hearths:minecraft/nether_wastes/netherrack_lakes]
[30Sep2026 03:32:54.407] [Worker-Main-2/ERROR] [net.minecraft.Util/]: Detected setBlock in a far chunk [6, 17], pos: MutableBlockPos{x=96, y=33, z=273}, status: minecraft:features, currently generating: ResourceKey[minecraft:worldgen/placed_feature / hearths:minecraft/nether_wastes/netherrack_lakes]
[30Sep2026 03:32:54.407] [Worker-Main-2/ERROR] [net.minecraft.Util/]: Detected setBlock in a far chunk [6, 17], pos: MutableBlockPos{x=96, y=35, z=277}, status: minecraft:features, currently generating: ResourceKey[minecraft:worldgen/placed_feature / hearths:minecraft/nether_wastes/netherrack_lakes]
[30Sep2026 03:32:54.705] [Worker-Main-3/ERROR] [net.minecraft.Util/]: Detected setBlock in a far chunk [10, 17], pos: MutableBlockPos{x=160, y=80, z=272}, status: minecraft:features, currently generating: ResourceKey[minecraft:worldgen/placed_feature / hearths:minecraft/nether_wastes/blackstone_lakes]
[30Sep2026 03:32:54.706] [Worker-Main-3/ERROR] [net.minecraft.Util/]: Detected setBlock in a far chunk [10, 17], pos: MutableBlockPos{x=160, y=79, z=272}, status: minecraft:features, currently generating: ResourceKey[minecraft:worldgen/placed_feature / hearths:minecraft/nether_wastes/blackstone_lakes]
[30Sep2026 03:32:54.706] [Worker-Main-3/ERROR] [net.minecraft.Util/]: Detected setBlock in a far chunk [10, 17], pos: MutableBlockPos{x=160, y=78, z=272}, status: minecraft:features, currently generating: ResourceKey[minecraft:worldgen/placed_feature / hearths:minecraft/nether_wastes/blackstone_lakes]
[30Sep2026 03:32:56.699] [Worker-Main-2/ERROR] [net.minecraft.Util/]: Detected setBlock in a far chunk [4, 18], pos: MutableBlockPos{x=64, y=138, z=298}, status: minecraft:features, currently generating: ResourceKey[minecraft:worldgen/placed_feature / hearths:minecraft/nether_wastes/netherrack_lakes]
[30Sep2026 03:32:56.700] [Worker-Main-2/ERROR] [net.minecraft.Util/]: Detected setBlock in a far chunk [4, 18], pos: MutableBlockPos{x=64, y=137, z=298}, status: minecraft:features, currently generating: ResourceKey[minecraft:worldgen/placed_feature / hearths:minecraft/nether_wastes/netherrack_lakes]
[30Sep2026 03:32:56.700] [Worker-Main-2/ERROR] [net.minecraft.Util/]: Detected setBlock in a far chunk [4, 18], pos: MutableBlockPos{x=64, y=136, z=298}, status: minecraft:features, currently generating: ResourceKey[minecraft:worldgen/placed_feature / hearths:minecraft/nether_wastes/netherrack_lakes]
[30Sep2026 03:32:56.702] [Worker-Main-2/ERROR] [net.minecraft.Util/]: Detected setBlock in a far chunk [4, 18], pos: MutableBlockPos{x=65, y=138, z=302}, status: minecraft:features, currently generating: ResourceKey[minecraft:worldgen/placed_feature / hearths:minecraft/nether_wastes/netherrack_lakes]
[30Sep2026 03:32:56.702] [Worker-Main-2/ERROR] [net.minecraft.Util/]: Detected setBlock in a far chunk [4, 18], pos: MutableBlockPos{x=65, y=137, z=291}, status: minecraft:features, currently generating: ResourceKey[minecraft:worldgen/placed_feature / hearths:minecraft/nether_wastes/netherrack_lakes]
[30Sep2026 03:32:56.702] [Worker-Main-2/ERROR] [net.minecraft.Util/]: Detected setBlock in a far chunk [4, 18], pos: MutableBlockPos{x=64, y=138, z=295}, status: minecraft:features, currently generating: ResourceKey[minecraft:worldgen/placed_feature / hearths:minecraft/nether_wastes/netherrack_lakes]
[30Sep2026 03:32:56.703] [Worker-Main-2/ERROR] [net.minecraft.Util/]: Detected setBlock in a far chunk [4, 18], pos: MutableBlockPos{x=64, y=137, z=295}, status: minecraft:features, currently generating: ResourceKey[minecraft:worldgen/placed_feature / hearths:minecraft/nether_wastes/netherrack_lakes]
[30Sep2026 03:32:56.703] [Worker-Main-2/ERROR] [net.minecraft.Util/]: Detected setBlock in a far chunk [4, 18], pos: MutableBlockPos{x=64, y=136, z=295}, status: minecraft:features, currently generating: ResourceKey[minecraft:worldgen/placed_feature / hearths:minecraft/nether_wastes/netherrack_lakes]
[30Sep2026 03:32:57.522] [Worker-Main-3/ERROR] [net.minecraft.Util/]: Detected setBlock in a far chunk [7, 18], pos: MutableBlockPos{x=112, y=151, z=293}, status: minecraft:features, currently generating: ResourceKey[minecraft:worldgen/placed_feature / hearths:minecraft/nether_wastes/fire]
[30Sep2026 03:32:57.525] [Worker-Main-3/ERROR] [net.minecraft.Util/]: Detected setBlock in a far chunk [6, 17], pos: MutableBlockPos{x=96, y=140, z=279}, status: minecraft:features, currently generating: ResourceKey[minecraft:worldgen/placed_feature / hearths:minecraft/nether_wastes/blackstone_lakes]
[30Sep2026 03:32:57.525] [Worker-Main-3/ERROR] [net.minecraft.Util/]: Detected setBlock in a far chunk [6, 17], pos: MutableBlockPos{x=96, y=139, z=279}, status: minecraft:features, currently generating: ResourceKey[minecraft:worldgen/placed_feature / hearths:minecraft/nether_wastes/blackstone_lakes]
[30Sep2026 03:32:57.525] [Worker-Main-3/ERROR] [net.minecraft.Util/]: Detected setBlock in a far chunk [6, 17], pos: MutableBlockPos{x=96, y=138, z=279}, status: minecraft:features, currently generating: ResourceKey[minecraft:worldgen/placed_feature / hearths:minecraft/nether_wastes/blackstone_lakes]
[30Sep2026 03:32:57.526] [Worker-Main-3/ERROR] [net.minecraft.Util/]: Detected setBlock in a far chunk [6, 17], pos: MutableBlockPos{x=96, y=141, z=280}, status: minecraft:features, currently generating: ResourceKey[minecraft:worldgen/placed_feature / hearths:minecraft/nether_wastes/blackstone_lakes]
[30Sep2026 03:32:57.526] [Worker-Main-3/ERROR] [net.minecraft.Util/]: Detected setBlock in a far chunk [6, 17], pos: MutableBlockPos{x=96, y=140, z=280}, status: minecraft:features, currently generating: ResourceKey[minecraft:worldgen/placed_feature / hearths:minecraft/nether_wastes/blackstone_lakes]
[30Sep2026 03:32:57.526] [Worker-Main-3/ERROR] [net.minecraft.Util/]: Detected setBlock in a far chunk [6, 17], pos: MutableBlockPos{x=96, y=139, z=280}, status: minecraft:features, currently generating: ResourceKey[minecraft:worldgen/placed_feature / hearths:minecraft/nether_wastes/blackstone_lakes]
[30Sep2026 03:32:57.526] [Worker-Main-3/ERROR] [net.minecraft.Util/]: Detected setBlock in a far chunk [6, 17], pos: MutableBlockPos{x=96, y=140, z=281}, status: minecraft:features, currently generating: ResourceKey[minecraft:worldgen/placed_feature / hearths:minecraft/nether_wastes/blackstone_lakes]
[30Sep2026 03:32:57.526] [Worker-Main-3/ERROR] [net.minecraft.Util/]: Detected setBlock in a far chunk [6, 17], pos: MutableBlockPos{x=96, y=139, z=281}, status: minecraft:features, currently generating: ResourceKey[minecraft:worldgen/placed_feature / hearths:minecraft/nether_wastes/blackstone_lakes]
[30Sep2026 03:32:57.526] [Worker-Main-3/ERROR] [net.minecraft.Util/]: Detected setBlock in a far chunk [6, 17], pos: MutableBlockPos{x=96, y=141, z=282}, status: minecraft:features, currently generating: ResourceKey[minecraft:worldgen/placed_feature / hearths:minecraft/nether_wastes/blackstone_lakes]
[30Sep2026 03:32:57.527] [Worker-Main-3/ERROR] [net.minecraft.Util/]: Detected setBlock in a far chunk [6, 17], pos: MutableBlockPos{x=96, y=140, z=282}, status: minecraft:features, currently generating: ResourceKey[minecraft:worldgen/placed_feature / hearths:minecraft/nether_wastes/blackstone_lakes]
[30Sep2026 03:32:57.527] [Worker-Main-3/ERROR] [net.minecraft.Util/]: Detected setBlock in a far chunk [6, 17], pos: MutableBlockPos{x=96, y=139, z=282}, status: minecraft:features, currently generating: ResourceKey[minecraft:worldgen/placed_feature / hearths:minecraft/nether_wastes/blackstone_lakes]
[30Sep2026 03:32:57.527] [Worker-Main-3/ERROR] [net.minecraft.Util/]: Detected setBlock in a far chunk [6, 17], pos: MutableBlockPos{x=97, y=141, z=282}, status: minecraft:features, currently generating: ResourceKey[minecraft:worldgen/placed_feature / hearths:minecraft/nether_wastes/blackstone_lakes]
[30Sep2026 03:32:57.527] [Worker-Main-3/ERROR] [net.minecraft.Util/]: Detected setBlock in a far chunk [6, 17], pos: MutableBlockPos{x=97, y=140, z=282}, status: minecraft:features, currently generating: ResourceKey[minecraft:worldgen/placed_feature / hearths:minecraft/nether_wastes/blackstone_lakes]
[30Sep2026 03:32:57.527] [Worker-Main-3/ERROR] [net.minecraft.Util/]: Detected setBlock in a far chunk [6, 17], pos: MutableBlockPos{x=97, y=139, z=282}, status: minecraft:features, currently generating: ResourceKey[minecraft:worldgen/placed_feature / hearths:minecraft/nether_wastes/blackstone_lakes]
[30Sep2026 03:32:57.527] [Worker-Main-3/ERROR] [net.minecraft.Util/]: Detected setBlock in a far chunk [6, 17], pos: MutableBlockPos{x=96, y=141, z=283}, status: minecraft:features, currently generating: ResourceKey[minecraft:worldgen/placed_feature / hearths:minecraft/nether_wastes/blackstone_lakes]
[30Sep2026 03:32:57.527] [Worker-Main-3/ERROR] [net.minecraft.Util/]: Detected setBlock in a far chunk [6, 17], pos: MutableBlockPos{x=96, y=139, z=283}, status: minecraft:features, currently generating: ResourceKey[minecraft:worldgen/placed_feature / hearths:minecraft/nether_wastes/blackstone_lakes]
[30Sep2026 03:32:57.527] [Worker-Main-3/ERROR] [net.minecraft.Util/]: Detected setBlock in a far chunk [6, 17], pos: MutableBlockPos{x=96, y=141, z=284}, status: minecraft:features, currently generating: ResourceKey[minecraft:worldgen/placed_feature / hearths:minecraft/nether_wastes/blackstone_lakes]
[30Sep2026 03:32:57.528] [Worker-Main-3/ERROR] [net.minecraft.Util/]: Detected setBlock in a far chunk [6, 17], pos: MutableBlockPos{x=96, y=140, z=284}, status: minecraft:features, currently generating: ResourceKey[minecraft:worldgen/placed_feature / hearths:minecraft/nether_wastes/blackstone_lakes]
[30Sep2026 03:32:57.528] [Worker-Main-3/ERROR] [net.minecraft.Util/]: Detected setBlock in a far chunk [6, 17], pos: MutableBlockPos{x=97, y=140, z=284}, status: minecraft:features, currently generating: ResourceKey[minecraft:worldgen/placed_feature / hearths:minecraft/nether_wastes/blackstone_lakes]
[30Sep2026 03:32:57.528] [Worker-Main-3/ERROR] [net.minecraft.Util/]: Detected setBlock in a far chunk [6, 17], pos: MutableBlockPos{x=97, y=139, z=286}, status: minecraft:features, currently generating: ResourceKey[minecraft:worldgen/placed_feature / hearths:minecraft/nether_wastes/blackstone_lakes]
[30Sep2026 03:32:57.528] [Worker-Main-3/ERROR] [net.minecraft.Util/]: Detected setBlock in a far chunk [6, 18], pos: MutableBlockPos{x=96, y=139, z=291}, status: minecraft:features, currently generating: ResourceKey[minecraft:worldgen/placed_feature / hearths:minecraft/nether_wastes/blackstone_lakes]
[30Sep2026 03:32:57.528] [Worker-Main-3/ERROR] [net.minecraft.Util/]: Detected setBlock in a far chunk [6, 18], pos: MutableBlockPos{x=96, y=138, z=291}, status: minecraft:features, currently generating: ResourceKey[minecraft:worldgen/placed_feature / hearths:minecraft/nether_wastes/blackstone_lakes]
[30Sep2026 03:32:57.528] [Worker-Main-3/ERROR] [net.minecraft.Util/]: Detected setBlock in a far chunk [6, 18], pos: MutableBlockPos{x=96, y=137, z=291}, status: minecraft:features, currently generating: ResourceKey[minecraft:worldgen/placed_feature / hearths:minecraft/nether_wastes/blackstone_lakes]
[30Sep2026 03:32:57.529] [Worker-Main-3/ERROR] [net.minecraft.Util/]: Detected setBlock in a far chunk [6, 18], pos: MutableBlockPos{x=96, y=139, z=292}, status: minecraft:features, currently generating: ResourceKey[minecraft:worldgen/placed_feature / hearths:minecraft/nether_wastes/blackstone_lakes]
[30Sep2026 03:32:57.529] [Worker-Main-3/ERROR] [net.minecraft.Util/]: Detected setBlock in a far chunk [6, 18], pos: MutableBlockPos{x=96, y=138, z=292}, status: minecraft:features, currently generating: ResourceKey[minecraft:worldgen/placed_feature / hearths:minecraft/nether_wastes/blackstone_lakes]
[30Sep2026 03:32:57.529] [Worker-Main-3/ERROR] [net.minecraft.Util/]: Detected setBlock in a far chunk [6, 18], pos: MutableBlockPos{x=96, y=137, z=292}, status: minecraft:features, currently generating: ResourceKey[minecraft:worldgen/placed_feature / hearths:minecraft/nether_wastes/blackstone_lakes]
[30Sep2026 03:32:57.529] [Worker-Main-3/ERROR] [net.minecraft.Util/]: Detected setBlock in a far chunk [6, 18], pos: MutableBlockPos{x=96, y=139, z=293}, status: minecraft:features, currently generating: ResourceKey[minecraft:worldgen/placed_feature / hearths:minecraft/nether_wastes/blackstone_lakes]
[30Sep2026 03:32:57.529] [Worker-Main-3/ERROR] [net.minecraft.Util/]: Detected setBlock in a far chunk [6, 18], pos: MutableBlockPos{x=96, y=138, z=293}, status: minecraft:features, currently generating: ResourceKey[minecraft:worldgen/placed_feature / hearths:minecraft/nether_wastes/blackstone_lakes]
[30Sep2026 03:32:57.529] [Worker-Main-3/ERROR] [net.minecraft.Util/]: Detected setBlock in a far chunk [6, 18], pos: MutableBlockPos{x=96, y=137, z=293}, status: minecraft:features, currently generating: ResourceKey[minecraft:worldgen/placed_feature / hearths:minecraft/nether_wastes/blackstone_lakes]
[30Sep2026 03:32:57.529] [Worker-Main-3/ERROR] [net.minecraft.Util/]: Detected setBlock in a far chunk [6, 18], pos: MutableBlockPos{x=97, y=139, z=293}, status: minecraft:features, currently generating: ResourceKey[minecraft:worldgen/placed_feature / hearths:minecraft/nether_wastes/blackstone_lakes]
[30Sep2026 03:32:57.529] [Worker-Main-3/ERROR] [net.minecraft.Util/]: Detected setBlock in a far chunk [6, 18], pos: MutableBlockPos{x=97, y=138, z=293}, status: minecraft:features, currently generating: ResourceKey[minecraft:worldgen/placed_feature / hearths:minecraft/nether_wastes/blackstone_lakes]
[30Sep2026 03:32:57.529] [Worker-Main-3/ERROR] [net.minecraft.Util/]: Detected setBlock in a far chunk [6, 18], pos: MutableBlockPos{x=97, y=137, z=293}, status: minecraft:features, currently generating: ResourceKey[minecraft:worldgen/placed_feature / hearths:minecraft/nether_wastes/blackstone_lakes]
[30Sep2026 03:32:57.530] [Worker-Main-3/ERROR] [net.minecraft.Util/]: Detected setBlock in a far chunk [6, 18], pos: MutableBlockPos{x=96, y=139, z=294}, status: minecraft:features, currently generating: ResourceKey[minecraft:worldgen/placed_feature / hearths:minecraft/nether_wastes/blackstone_lakes]
[30Sep2026 03:32:57.530] [Worker-Main-3/ERROR] [net.minecraft.Util/]: Detected setBlock in a far chunk [6, 18], pos: MutableBlockPos{x=96, y=138, z=294}, status: minecraft:features, currently generating: ResourceKey[minecraft:worldgen/placed_feature / hearths:minecraft/nether_wastes/blackstone_lakes]
[30Sep2026 03:32:57.530] [Worker-Main-3/ERROR] [net.minecraft.Util/]: Detected setBlock in a far chunk [6, 18], pos: MutableBlockPos{x=96, y=137, z=294}, status: minecraft:features, currently generating: ResourceKey[minecraft:worldgen/placed_feature / hearths:minecraft/nether_wastes/blackstone_lakes]
[30Sep2026 03:32:57.530] [Worker-Main-3/ERROR] [net.minecraft.Util/]: Detected setBlock in a far chunk [6, 18], pos: MutableBlockPos{x=96, y=139, z=295}, status: minecraft:features, currently generating: ResourceKey[minecraft:worldgen/placed_feature / hearths:minecraft/nether_wastes/blackstone_lakes]
[30Sep2026 03:32:57.530] [Worker-Main-3/ERROR] [net.minecraft.Util/]: Detected setBlock in a far chunk [6, 18], pos: MutableBlockPos{x=96, y=138, z=295}, status: minecraft:features, currently generating: ResourceKey[minecraft:worldgen/placed_feature / hearths:minecraft/nether_wastes/blackstone_lakes]
[30Sep2026 03:32:57.530] [Worker-Main-3/ERROR] [net.minecraft.Util/]: Detected setBlock in a far chunk [6, 18], pos: MutableBlockPos{x=96, y=137, z=295}, status: minecraft:features, currently generating: ResourceKey[minecraft:worldgen/placed_feature / hearths:minecraft/nether_wastes/blackstone_lakes]
[30Sep2026 03:32:57.530] [Worker-Main-3/ERROR] [net.minecraft.Util/]: Detected setBlock in a far chunk [6, 17], pos: MutableBlockPos{x=98, y=138, z=287}, status: minecraft:features, currently generating: ResourceKey[minecraft:worldgen/placed_feature / hearths:minecraft/nether_wastes/blackstone_lakes]
[30Sep2026 03:32:57.531] [Worker-Main-3/ERROR] [net.minecraft.Util/]: Detected setBlock in a far chunk [6, 17], pos: MutableBlockPos{x=96, y=140, z=285}, status: minecraft:features, currently generating: ResourceKey[minecraft:worldgen/placed_feature / hearths:minecraft/nether_wastes/blackstone_lakes]
[30Sep2026 03:32:57.532] [Worker-Main-3/ERROR] [net.minecraft.Util/]: Detected setBlock in a far chunk [6, 17], pos: MutableBlockPos{x=96, y=139, z=285}, status: minecraft:features, currently generating: ResourceKey[minecraft:worldgen/placed_feature / hearths:minecraft/nether_wastes/blackstone_lakes]
[30Sep2026 03:32:57.532] [Worker-Main-3/ERROR] [net.minecraft.Util/]: Detected setBlock in a far chunk [6, 17], pos: MutableBlockPos{x=96, y=138, z=285}, status: minecraft:features, currently generating: ResourceKey[minecraft:worldgen/placed_feature / hearths:minecraft/nether_wastes/blackstone_lakes]
[30Sep2026 03:33:18.050] [Worker-Main-1/INFO] [ModernFix/]: Instantiating Mojang DFU
[30Sep2026 03:33:18.823] [Worker-Main-1/ERROR] [net.minecraft.Util/]: Detected setBlock in a far chunk [4, 18], pos: MutableBlockPos{x=64, y=64, z=302}, status: minecraft:features, currently generating: ResourceKey[minecraft:worldgen/placed_feature / hearths:minecraft/nether_wastes/blackstone_lakes]
[30Sep2026 03:33:18.823] [Worker-Main-1/ERROR] [net.minecraft.Util/]: Detected setBlock in a far chunk [4, 18], pos: MutableBlockPos{x=65, y=64, z=302}, status: minecraft:features, currently generating: ResourceKey[minecraft:worldgen/placed_feature / hearths:minecraft/nether_wastes/blackstone_lakes]
[30Sep2026 03:33:18.823] [Worker-Main-1/ERROR] [net.minecraft.Util/]: Detected setBlock in a far chunk [4, 18], pos: MutableBlockPos{x=64, y=65, z=303}, status: minecraft:features, currently generating: ResourceKey[minecraft:worldgen/placed_feature / hearths:minecraft/nether_wastes/blackstone_lakes]
[30Sep2026 03:33:18.823] [Worker-Main-1/ERROR] [net.minecraft.Util/]: Detected setBlock in a far chunk [4, 18], pos: MutableBlockPos{x=64, y=64, z=303}, status: minecraft:features, currently generating: ResourceKey[minecraft:worldgen/placed_feature / hearths:minecraft/nether_wastes/blackstone_lakes]
[30Sep2026 03:33:18.823] [Worker-Main-1/ERROR] [net.minecraft.Util/]: Detected setBlock in a far chunk [4, 18], pos: MutableBlockPos{x=65, y=65, z=303}, status: minecraft:features, currently generating: ResourceKey[minecraft:worldgen/placed_feature / hearths:minecraft/nether_wastes/blackstone_lakes]
[30Sep2026 03:33:18.823] [Worker-Main-1/ERROR] [net.minecraft.Util/]: Detected setBlock in a far chunk [4, 18], pos: MutableBlockPos{x=65, y=64, z=303}, status: minecraft:features, currently generating: ResourceKey[minecraft:worldgen/placed_feature / hearths:minecraft/nether_wastes/blackstone_lakes]
[30Sep2026 03:33:18.823] [Worker-Main-1/ERROR] [net.minecraft.Util/]: Detected setBlock in a far chunk [4, 19], pos: MutableBlockPos{x=64, y=65, z=304}, status: minecraft:features, currently generating: ResourceKey[minecraft:worldgen/placed_feature / hearths:minecraft/nether_wastes/blackstone_lakes]
[30Sep2026 03:33:18.823] [Worker-Main-1/ERROR] [net.minecraft.Util/]: Detected setBlock in a far chunk [4, 19], pos: MutableBlockPos{x=64, y=64, z=304}, status: minecraft:features, currently generating: ResourceKey[minecraft:worldgen/placed_feature / hearths:minecraft/nether_wastes/blackstone_lakes]
[30Sep2026 03:33:18.823] [Worker-Main-1/ERROR] [net.minecraft.Util/]: Detected setBlock in a far chunk [4, 19], pos: MutableBlockPos{x=65, y=65, z=304}, status: minecraft:features, currently generating: ResourceKey[minecraft:worldgen/placed_feature / hearths:minecraft/nether_wastes/blackstone_lakes]
[30Sep2026 03:33:18.824] [Worker-Main-1/ERROR] [net.minecraft.Util/]: Detected setBlock in a far chunk [4, 19], pos: MutableBlockPos{x=65, y=64, z=304}, status: minecraft:features, currently generating: ResourceKey[minecraft:worldgen/placed_feature / hearths:minecraft/nether_wastes/blackstone_lakes]
[30Sep2026 03:33:18.824] [Worker-Main-1/ERROR] [net.minecraft.Util/]: Detected setBlock in a far chunk [4, 19], pos: MutableBlockPos{x=66, y=66, z=304}, status: minecraft:features, currently generating: ResourceKey[minecraft:worldgen/placed_feature / hearths:minecraft/nether_wastes/blackstone_lakes]
[30Sep2026 03:33:18.824] [Worker-Main-1/ERROR] [net.minecraft.Util/]: Detected setBlock in a far chunk [4, 19], pos: MutableBlockPos{x=66, y=65, z=304}, status: minecraft:features, currently generating: ResourceKey[minecraft:worldgen/placed_feature / hearths:minecraft/nether_wastes/blackstone_lakes]
[30Sep2026 03:33:18.824] [Worker-Main-1/ERROR] [net.minecraft.Util/]: Detected setBlock in a far chunk [4, 19], pos: MutableBlockPos{x=66, y=64, z=304}, status: minecraft:features, currently generating: ResourceKey[minecraft:worldgen/placed_feature / hearths:minecraft/nether_wastes/blackstone_lakes]
[30Sep2026 03:33:18.824] [Worker-Main-1/ERROR] [net.minecraft.Util/]: Detected setBlock in a far chunk [4, 19], pos: MutableBlockPos{x=64, y=65, z=305}, status: minecraft:features, currently generating: ResourceKey[minecraft:worldgen/placed_feature / hearths:minecraft/nether_wastes/blackstone_lakes]
[30Sep2026 03:33:18.824] [Worker-Main-1/ERROR] [net.minecraft.Util/]: Detected setBlock in a far chunk [4, 19], pos: MutableBlockPos{x=64, y=64, z=305}, status: minecraft:features, currently generating: ResourceKey[minecraft:worldgen/placed_feature / hearths:minecraft/nether_wastes/blackstone_lakes]
[30Sep2026 03:33:18.824] [Worker-Main-1/ERROR] [net.minecraft.Util/]: Detected setBlock in a far chunk [4, 19], pos: MutableBlockPos{x=65, y=65, z=305}, status: minecraft:features, currently generating: ResourceKey[minecraft:worldgen/placed_feature / hearths:minecraft/nether_wastes/blackstone_lakes]
[30Sep2026 03:33:18.824] [Worker-Main-1/ERROR] [net.minecraft.Util/]: Detected setBlock in a far chunk [4, 19], pos: MutableBlockPos{x=65, y=64, z=305}, status: minecraft:features, currently generating: ResourceKey[minecraft:worldgen/placed_feature / hearths:minecraft/nether_wastes/blackstone_lakes]
[30Sep2026 03:33:18.824] [Worker-Main-1/ERROR] [net.minecraft.Util/]: Detected setBlock in a far chunk [4, 19], pos: MutableBlockPos{x=64, y=64, z=306}, status: minecraft:features, currently generating: ResourceKey[minecraft:worldgen/placed_feature / hearths:minecraft/nether_wastes/blackstone_lakes]
[30Sep2026 03:33:18.824] [Worker-Main-1/ERROR] [net.minecraft.Util/]: Detected setBlock in a far chunk [4, 19], pos: MutableBlockPos{x=65, y=64, z=306}, status: minecraft:features, currently generating: ResourceKey[minecraft:worldgen/placed_feature / hearths:minecraft/nether_wastes/blackstone_lakes]
[30Sep2026 03:33:18.824] [Worker-Main-1/ERROR] [net.minecraft.Util/]: Detected setBlock in a far chunk [4, 19], pos: MutableBlockPos{x=64, y=66, z=305}, status: minecraft:features, currently generating: ResourceKey[minecraft:worldgen/placed_feature / hearths:minecraft/nether_wastes/blackstone_lakes]
[30Sep2026 03:33:18.824] [Worker-Main-1/ERROR] [net.minecraft.Util/]: Detected setBlock in a far chunk [4, 18], pos: MutableBlockPos{x=64, y=67, z=295}, status: minecraft:features, currently generating: ResourceKey[minecraft:worldgen/placed_feature / hearths:minecraft/nether_wastes/blackstone_lakes]
[30Sep2026 03:33:18.887] [Worker-Main-3/ERROR] [net.minecraft.Util/]: Detected setBlock in a far chunk [4, 20], pos: MutableBlockPos{x=78, y=67, z=322}, status: minecraft:features, currently generating: ResourceKey[minecraft:worldgen/placed_feature / hearths:minecraft/nether_wastes/netherrack_lakes]
[30Sep2026 03:33:18.888] [Worker-Main-3/ERROR] [net.minecraft.Util/]: Detected setBlock in a far chunk [4, 20], pos: MutableBlockPos{x=73, y=66, z=320}, status: minecraft:features, currently generating: ResourceKey[minecraft:worldgen/placed_feature / hearths:minecraft/nether_wastes/netherrack_lakes]
[30Sep2026 03:33:18.888] [Worker-Main-3/ERROR] [net.minecraft.Util/]: Detected setBlock in a far chunk [5, 20], pos: MutableBlockPos{x=81, y=66, z=320}, status: minecraft:features, currently generating: ResourceKey[minecraft:worldgen/placed_feature / hearths:minecraft/nether_wastes/netherrack_lakes]
[30Sep2026 03:33:18.889] [Worker-Main-3/ERROR] [net.minecraft.Util/]: Detected setBlock in a far chunk [6, 19], pos: MutableBlockPos{x=96, y=147, z=310}, status: minecraft:features, currently generating: ResourceKey[minecraft:worldgen/placed_feature / hearths:minecraft/nether_wastes/fire]
[30Sep2026 03:33:18.976] [Worker-Main-3/ERROR] [net.minecraft.Util/]: Detected setBlock in a far chunk [9, 18], pos: MutableBlockPos{x=145, y=75, z=297}, status: minecraft:features, currently generating: ResourceKey[minecraft:worldgen/placed_feature / hearths:minecraft/nether_wastes/netherrack_lakes]
[30Sep2026 03:33:18.976] [Worker-Main-3/ERROR] [net.minecraft.Util/]: Detected setBlock in a far chunk [9, 18], pos: MutableBlockPos{x=144, y=77, z=288}, status: minecraft:features, currently generating: ResourceKey[minecraft:worldgen/placed_feature / hearths:minecraft/nether_wastes/netherrack_lakes]
[30Sep2026 03:33:18.977] [Worker-Main-3/ERROR] [net.minecraft.Util/]: Detected setBlock in a far chunk [9, 18], pos: MutableBlockPos{x=144, y=76, z=288}, status: minecraft:features, currently generating: ResourceKey[minecraft:worldgen/placed_feature / hearths:minecraft/nether_wastes/netherrack_lakes]
[30Sep2026 03:33:18.977] [Worker-Main-3/ERROR] [net.minecraft.Util/]: Detected setBlock in a far chunk [9, 18], pos: MutableBlockPos{x=145, y=77, z=288}, status: minecraft:features, currently generating: ResourceKey[minecraft:worldgen/placed_feature / hearths:minecraft/nether_wastes/netherrack_lakes]
[30Sep2026 03:33:18.977] [Worker-Main-3/ERROR] [net.minecraft.Util/]: Detected setBlock in a far chunk [9, 18], pos: MutableBlockPos{x=145, y=76, z=288}, status: minecraft:features, currently generating: ResourceKey[minecraft:worldgen/placed_feature / hearths:minecraft/nether_wastes/netherrack_lakes]
[30Sep2026 03:33:18.977] [Worker-Main-3/ERROR] [net.minecraft.Util/]: Detected setBlock in a far chunk [9, 18], pos: MutableBlockPos{x=144, y=77, z=289}, status: minecraft:features, currently generating: ResourceKey[minecraft:worldgen/placed_feature / hearths:minecraft/nether_wastes/netherrack_lakes]
[30Sep2026 03:33:18.977] [Worker-Main-3/ERROR] [net.minecraft.Util/]: Detected setBlock in a far chunk [9, 18], pos: MutableBlockPos{x=144, y=76, z=289}, status: minecraft:features, currently generating: ResourceKey[minecraft:worldgen/placed_feature / hearths:minecraft/nether_wastes/netherrack_lakes]
[30Sep2026 03:33:18.977] [Worker-Main-3/ERROR] [net.minecraft.Util/]: Detected setBlock in a far chunk [9, 18], pos: MutableBlockPos{x=145, y=77, z=289}, status: minecraft:features, currently generating: ResourceKey[minecraft:worldgen/placed_feature / hearths:minecraft/nether_wastes/netherrack_lakes]
[30Sep2026 03:33:18.977] [Worker-Main-3/ERROR] [net.minecraft.Util/]: Detected setBlock in a far chunk [9, 18], pos: MutableBlockPos{x=145, y=76, z=289}, status: minecraft:features, currently generating: ResourceKey[minecraft:worldgen/placed_feature / hearths:minecraft/nether_wastes/netherrack_lakes]
[30Sep2026 03:33:18.977] [Worker-Main-3/ERROR] [net.minecraft.Util/]: Detected setBlock in a far chunk [9, 18], pos: MutableBlockPos{x=146, y=77, z=289}, status: minecraft:features, currently generating: ResourceKey[minecraft:worldgen/placed_feature / hearths:minecraft/nether_wastes/netherrack_lakes]
[30Sep2026 03:33:18.978] [Worker-Main-3/ERROR] [net.minecraft.Util/]: Detected setBlock in a far chunk [9, 18], pos: MutableBlockPos{x=146, y=76, z=289}, status: minecraft:features, currently generating: ResourceKey[minecraft:worldgen/placed_feature / hearths:minecraft/nether_wastes/netherrack_lakes]
[30Sep2026 03:33:18.978] [Worker-Main-3/ERROR] [net.minecraft.Util/]: Detected setBlock in a far chunk [9, 18], pos: MutableBlockPos{x=144, y=77, z=290}, status: minecraft:features, currently generating: ResourceKey[minecraft:worldgen/placed_feature / hearths:minecraft/nether_wastes/netherrack_lakes]
[30Sep2026 03:33:18.978] [Worker-Main-3/ERROR] [net.minecraft.Util/]: Detected setBlock in a far chunk [9, 18], pos: MutableBlockPos{x=144, y=76, z=290}, status: minecraft:features, currently generating: ResourceKey[minecraft:worldgen/placed_feature / hearths:minecraft/nether_wastes/netherrack_lakes]
[30Sep2026 03:33:18.978] [Worker-Main-3/ERROR] [net.minecraft.Util/]: Detected setBlock in a far chunk [9, 18], pos: MutableBlockPos{x=145, y=77, z=290}, status: minecraft:features, currently generating: ResourceKey[minecraft:worldgen/placed_feature / hearths:minecraft/nether_wastes/netherrack_lakes]
[30Sep2026 03:33:18.978] [Worker-Main-3/ERROR] [net.minecraft.Util/]: Detected setBlock in a far chunk [9, 18], pos: MutableBlockPos{x=145, y=76, z=290}, status: minecraft:features, currently generating: ResourceKey[minecraft:worldgen/placed_feature / hearths:minecraft/nether_wastes/netherrack_lakes]
[30Sep2026 03:33:18.979] [Worker-Main-3/ERROR] [net.minecraft.Util/]: Detected setBlock in a far chunk [9, 18], pos: MutableBlockPos{x=146, y=77, z=290}, status: minecraft:features, currently generating: ResourceKey[minecraft:worldgen/placed_feature / hearths:minecraft/nether_wastes/netherrack_lakes]
[30Sep2026 03:33:18.979] [Worker-Main-3/ERROR] [net.minecraft.Util/]: Detected setBlock in a far chunk [9, 18], pos: MutableBlockPos{x=146, y=76, z=290}, status: minecraft:features, currently generating: ResourceKey[minecraft:worldgen/placed_feature / hearths:minecraft/nether_wastes/netherrack_lakes]
[30Sep2026 03:33:18.979] [Worker-Main-3/ERROR] [net.minecraft.Util/]: Detected setBlock in a far chunk [9, 18], pos: MutableBlockPos{x=144, y=77, z=291}, status: minecraft:features, currently generating: ResourceKey[minecraft:worldgen/placed_feature / hearths:minecraft/nether_wastes/netherrack_lakes]
[30Sep2026 03:33:18.979] [Worker-Main-3/ERROR] [net.minecraft.Util/]: Detected setBlock in a far chunk [9, 18], pos: MutableBlockPos{x=144, y=76, z=291}, status: minecraft:features, currently generating: ResourceKey[minecraft:worldgen/placed_feature / hearths:minecraft/nether_wastes/netherrack_lakes]
[30Sep2026 03:33:18.979] [Worker-Main-3/ERROR] [net.minecraft.Util/]: Detected setBlock in a far chunk [9, 18], pos: MutableBlockPos{x=145, y=77, z=291}, status: minecraft:features, currently generating: ResourceKey[minecraft:worldgen/placed_feature / hearths:minecraft/nether_wastes/netherrack_lakes]
[30Sep2026 03:33:18.979] [Worker-Main-3/ERROR] [net.minecraft.Util/]: Detected setBlock in a far chunk [9, 18], pos: MutableBlockPos{x=145, y=76, z=291}, status: minecraft:features, currently generating: ResourceKey[minecraft:worldgen/placed_feature / hearths:minecraft/nether_wastes/netherrack_lakes]
[30Sep2026 03:33:18.979] [Worker-Main-3/ERROR] [net.minecraft.Util/]: Detected setBlock in a far chunk [9, 18], pos: MutableBlockPos{x=146, y=77, z=291}, status: minecraft:features, currently generating: ResourceKey[minecraft:worldgen/placed_feature / hearths:minecraft/nether_wastes/netherrack_lakes]
[30Sep2026 03:33:18.980] [Worker-Main-3/ERROR] [net.minecraft.Util/]: Detected setBlock in a far chunk [9, 18], pos: MutableBlockPos{x=146, y=76, z=291}, status: minecraft:features, currently generating: ResourceKey[minecraft:worldgen/placed_feature / hearths:minecraft/nether_wastes/netherrack_lakes]
[30Sep2026 03:33:18.980] [Worker-Main-3/ERROR] [net.minecraft.Util/]: Detected setBlock in a far chunk [9, 18], pos: MutableBlockPos{x=144, y=77, z=292}, status: minecraft:features, currently generating: ResourceKey[minecraft:worldgen/placed_feature / hearths:minecraft/nether_wastes/netherrack_lakes]
[30Sep2026 03:33:18.980] [Worker-Main-3/ERROR] [net.minecraft.Util/]: Detected setBlock in a far chunk [9, 18], pos: MutableBlockPos{x=144, y=76, z=292}, status: minecraft:features, currently generating: ResourceKey[minecraft:worldgen/placed_feature / hearths:minecraft/nether_wastes/netherrack_lakes]
[30Sep2026 03:33:18.980] [Worker-Main-3/ERROR] [net.minecraft.Util/]: Detected setBlock in a far chunk [9, 18], pos: MutableBlockPos{x=145, y=77, z=292}, status: minecraft:features, currently generating: ResourceKey[minecraft:worldgen/placed_feature / hearths:minecraft/nether_wastes/netherrack_lakes]
[30Sep2026 03:33:18.980] [Worker-Main-3/ERROR] [net.minecraft.Util/]: Detected setBlock in a far chunk [9, 18], pos: MutableBlockPos{x=145, y=76, z=292}, status: minecraft:features, currently generating: ResourceKey[minecraft:worldgen/placed_feature / hearths:minecraft/nether_wastes/netherrack_lakes]
[30Sep2026 03:33:18.980] [Worker-Main-3/ERROR] [net.minecraft.Util/]: Detected setBlock in a far chunk [9, 18], pos: MutableBlockPos{x=146, y=77, z=292}, status: minecraft:features, currently generating: ResourceKey[minecraft:worldgen/placed_feature / hearths:minecraft/nether_wastes/netherrack_lakes]
[30Sep2026 03:33:18.980] [Worker-Main-3/ERROR] [net.minecraft.Util/]: Detected setBlock in a far chunk [9, 18], pos: MutableBlockPos{x=146, y=76, z=292}, status: minecraft:features, currently generating: ResourceKey[minecraft:worldgen/placed_feature / hearths:minecraft/nether_wastes/netherrack_lakes]
[30Sep2026 03:33:18.981] [Worker-Main-3/ERROR] [net.minecraft.Util/]: Detected setBlock in a far chunk [9, 18], pos: MutableBlockPos{x=147, y=77, z=292}, status: minecraft:features, currently generating: ResourceKey[minecraft:worldgen/placed_feature / hearths:minecraft/nether_wastes/netherrack_lakes]
[30Sep2026 03:33:18.981] [Worker-Main-3/ERROR] [net.minecraft.Util/]: Detected setBlock in a far chunk [9, 18], pos: MutableBlockPos{x=147, y=76, z=292}, status: minecraft:features, currently generating: ResourceKey[minecraft:worldgen/placed_feature / hearths:minecraft/nether_wastes/netherrack_lakes]
[30Sep2026 03:33:18.981] [Worker-Main-3/ERROR] [net.minecraft.Util/]: Detected setBlock in a far chunk [9, 18], pos: MutableBlockPos{x=144, y=76, z=293}, status: minecraft:features, currently generating: ResourceKey[minecraft:worldgen/placed_feature / hearths:minecraft/nether_wastes/netherrack_lakes]
[30Sep2026 03:33:18.981] [Worker-Main-3/ERROR] [net.minecraft.Util/]: Detected setBlock in a far chunk [9, 18], pos: MutableBlockPos{x=145, y=76, z=293}, status: minecraft:features, currently generating: ResourceKey[minecraft:worldgen/placed_feature / hearths:minecraft/nether_wastes/netherrack_lakes]
[30Sep2026 03:33:18.981] [Worker-Main-3/ERROR] [net.minecraft.Util/]: Detected setBlock in a far chunk [9, 18], pos: MutableBlockPos{x=146, y=77, z=293}, status: minecraft:features, currently generating: ResourceKey[minecraft:worldgen/placed_feature / hearths:minecraft/nether_wastes/netherrack_lakes]
[30Sep2026 03:33:18.981] [Worker-Main-3/ERROR] [net.minecraft.Util/]: Detected setBlock in a far chunk [9, 18], pos: MutableBlockPos{x=146, y=76, z=293}, status: minecraft:features, currently generating: ResourceKey[minecraft:worldgen/placed_feature / hearths:minecraft/nether_wastes/netherrack_lakes]
[30Sep2026 03:33:18.981] [Worker-Main-3/ERROR] [net.minecraft.Util/]: Detected setBlock in a far chunk [9, 18], pos: MutableBlockPos{x=145, y=76, z=294}, status: minecraft:features, currently generating: ResourceKey[minecraft:worldgen/placed_feature / hearths:minecraft/nether_wastes/netherrack_lakes]
[30Sep2026 03:33:18.982] [Worker-Main-3/ERROR] [net.minecraft.Util/]: Detected setBlock in a far chunk [9, 18], pos: MutableBlockPos{x=146, y=76, z=294}, status: minecraft:features, currently generating: ResourceKey[minecraft:worldgen/placed_feature / hearths:minecraft/nether_wastes/netherrack_lakes]
[30Sep2026 03:33:18.982] [Worker-Main-3/ERROR] [net.minecraft.Util/]: Detected setBlock in a far chunk [9, 18], pos: MutableBlockPos{x=146, y=76, z=295}, status: minecraft:features, currently generating: ResourceKey[minecraft:worldgen/placed_feature / hearths:minecraft/nether_wastes/netherrack_lakes]
[30Sep2026 03:33:18.982] [Worker-Main-3/ERROR] [net.minecraft.Util/]: Detected setBlock in a far chunk [9, 18], pos: MutableBlockPos{x=144, y=76, z=293}, status: minecraft:features, currently generating: ResourceKey[minecraft:worldgen/placed_feature / hearths:minecraft/nether_wastes/netherrack_lakes]
[30Sep2026 03:33:18.982] [Worker-Main-3/ERROR] [net.minecraft.Util/]: Detected setBlock in a far chunk [9, 18], pos: MutableBlockPos{x=145, y=76, z=294}, status: minecraft:features, currently generating: ResourceKey[minecraft:worldgen/placed_feature / hearths:minecraft/nether_wastes/netherrack_lakes]
[30Sep2026 03:33:18.982] [Worker-Main-3/ERROR] [net.minecraft.Util/]: Detected setBlock in a far chunk [9, 18], pos: MutableBlockPos{x=145, y=75, z=294}, status: minecraft:features, currently generating: ResourceKey[minecraft:worldgen/placed_feature / hearths:minecraft/nether_wastes/netherrack_lakes]
[30Sep2026 03:33:18.982] [Worker-Main-3/ERROR] [net.minecraft.Util/]: Detected setBlock in a far chunk [9, 18], pos: MutableBlockPos{x=144, y=77, z=290}, status: minecraft:features, currently generating: ResourceKey[minecraft:worldgen/placed_feature / hearths:minecraft/nether_wastes/netherrack_lakes]
[30Sep2026 03:33:18.983] [Worker-Main-3/ERROR] [net.minecraft.Util/]: Detected setBlock in a far chunk [9, 18], pos: MutableBlockPos{x=144, y=76, z=290}, status: minecraft:features, currently generating: ResourceKey[minecraft:worldgen/placed_feature / hearths:minecraft/nether_wastes/netherrack_lakes]
[30Sep2026 03:33:18.983] [Worker-Main-3/ERROR] [net.minecraft.Util/]: Detected setBlock in a far chunk [9, 18], pos: MutableBlockPos{x=144, y=75, z=290}, status: minecraft:features, currently generating: ResourceKey[minecraft:worldgen/placed_feature / hearths:minecraft/nether_wastes/netherrack_lakes]
[30Sep2026 03:33:18.983] [Worker-Main-3/ERROR] [net.minecraft.Util/]: Detected setBlock in a far chunk [9, 18], pos: MutableBlockPos{x=144, y=77, z=291}, status: minecraft:features, currently generating: ResourceKey[minecraft:worldgen/placed_feature / hearths:minecraft/nether_wastes/netherrack_lakes]
[30Sep2026 03:33:18.983] [Worker-Main-3/ERROR] [net.minecraft.Util/]: Detected setBlock in a far chunk [9, 18], pos: MutableBlockPos{x=144, y=76, z=291}, status: minecraft:features, currently generating: ResourceKey[minecraft:worldgen/placed_feature / hearths:minecraft/nether_wastes/netherrack_lakes]
[30Sep2026 03:33:18.983] [Worker-Main-3/ERROR] [net.minecraft.Util/]: Detected setBlock in a far chunk [9, 18], pos: MutableBlockPos{x=144, y=75, z=291}, status: minecraft:features, currently generating: ResourceKey[minecraft:worldgen/placed_feature / hearths:minecraft/nether_wastes/netherrack_lakes]
[30Sep2026 03:33:18.983] [Worker-Main-3/ERROR] [net.minecraft.Util/]: Detected setBlock in a far chunk [9, 18], pos: MutableBlockPos{x=145, y=77, z=291}, status: minecraft:features, currently generating: ResourceKey[minecraft:worldgen/placed_feature / hearths:minecraft/nether_wastes/netherrack_lakes]
[30Sep2026 03:33:18.983] [Worker-Main-3/ERROR] [net.minecraft.Util/]: Detected setBlock in a far chunk [9, 18], pos: MutableBlockPos{x=145, y=76, z=291}, status: minecraft:features, currently generating: ResourceKey[minecraft:worldgen/placed_feature / hearths:minecraft/nether_wastes/netherrack_lakes]
[30Sep2026 03:33:18.984] [Worker-Main-3/ERROR] [net.minecraft.Util/]: Detected setBlock in a far chunk [9, 18], pos: MutableBlockPos{x=145, y=75, z=291}, status: minecraft:features, currently generating: ResourceKey[minecraft:worldgen/placed_feature / hearths:minecraft/nether_wastes/netherrack_lakes]
[30Sep2026 03:33:18.984] [Worker-Main-3/ERROR] [net.minecraft.Util/]: Detected setBlock in a far chunk [9, 18], pos: MutableBlockPos{x=144, y=77, z=292}, status: minecraft:features, currently generating: ResourceKey[minecraft:worldgen/placed_feature / hearths:minecraft/nether_wastes/netherrack_lakes]
[30Sep2026 03:33:18.984] [Worker-Main-3/ERROR] [net.minecraft.Util/]: Detected setBlock in a far chunk [9, 18], pos: MutableBlockPos{x=144, y=76, z=292}, status: minecraft:features, currently generating: ResourceKey[minecraft:worldgen/placed_feature / hearths:minecraft/nether_wastes/netherrack_lakes]
[30Sep2026 03:33:18.984] [Worker-Main-3/ERROR] [net.minecraft.Util/]: Detected setBlock in a far chunk [9, 18], pos: MutableBlockPos{x=144, y=75, z=292}, status: minecraft:features, currently generating: ResourceKey[minecraft:worldgen/placed_feature / hearths:minecraft/nether_wastes/netherrack_lakes]
[30Sep2026 03:33:18.984] [Worker-Main-3/ERROR] [net.minecraft.Util/]: Detected setBlock in a far chunk [9, 18], pos: MutableBlockPos{x=145, y=77, z=292}, status: minecraft:features, currently generating: ResourceKey[minecraft:worldgen/placed_feature / hearths:minecraft/nether_wastes/netherrack_lakes]
[30Sep2026 03:33:18.984] [Worker-Main-3/ERROR] [net.minecraft.Util/]: Detected setBlock in a far chunk [9, 18], pos: MutableBlockPos{x=145, y=76, z=292}, status: minecraft:features, currently generating: ResourceKey[minecraft:worldgen/placed_feature / hearths:minecraft/nether_wastes/netherrack_lakes]
[30Sep2026 03:33:18.984] [Worker-Main-3/ERROR] [net.minecraft.Util/]: Detected setBlock in a far chunk [9, 18], pos: MutableBlockPos{x=145, y=75, z=292}, status: minecraft:features, currently generating: ResourceKey[minecraft:worldgen/placed_feature / hearths:minecraft/nether_wastes/netherrack_lakes]
[30Sep2026 03:33:18.985] [Worker-Main-3/ERROR] [net.minecraft.Util/]: Detected setBlock in a far chunk [9, 18], pos: MutableBlockPos{x=144, y=76, z=293}, status: minecraft:features, currently generating: ResourceKey[minecraft:worldgen/placed_feature / hearths:minecraft/nether_wastes/netherrack_lakes]
[30Sep2026 03:33:18.985] [Worker-Main-3/ERROR] [net.minecraft.Util/]: Detected setBlock in a far chunk [9, 18], pos: MutableBlockPos{x=145, y=76, z=293}, status: minecraft:features, currently generating: ResourceKey[minecraft:worldgen/placed_feature / hearths:minecraft/nether_wastes/netherrack_lakes]
[30Sep2026 03:33:18.985] [Worker-Main-3/ERROR] [net.minecraft.Util/]: Detected setBlock in a far chunk [9, 18], pos: MutableBlockPos{x=145, y=75, z=293}, status: minecraft:features, currently generating: ResourceKey[minecraft:worldgen/placed_feature / hearths:minecraft/nether_wastes/netherrack_lakes]
[30Sep2026 03:33:18.985] [Worker-Main-3/ERROR] [net.minecraft.Util/]: Detected setBlock in a far chunk [9, 18], pos: MutableBlockPos{x=145, y=76, z=294}, status: minecraft:features, currently generating: ResourceKey[minecraft:worldgen/placed_feature / hearths:minecraft/nether_wastes/netherrack_lakes]
[30Sep2026 03:33:18.985] [Worker-Main-3/ERROR] [net.minecraft.Util/]: Detected setBlock in a far chunk [9, 18], pos: MutableBlockPos{x=145, y=75, z=294}, status: minecraft:features, currently generating: ResourceKey[minecraft:worldgen/placed_feature / hearths:minecraft/nether_wastes/netherrack_lakes]
[30Sep2026 03:33:18.985] [Worker-Main-3/ERROR] [net.minecraft.Util/]: Detected setBlock in a far chunk [9, 18], pos: MutableBlockPos{x=146, y=76, z=294}, status: minecraft:features, currently generating: ResourceKey[minecraft:worldgen/placed_feature / hearths:minecraft/nether_wastes/netherrack_lakes]
[30Sep2026 03:33:18.985] [Worker-Main-3/ERROR] [net.minecraft.Util/]: Detected setBlock in a far chunk [9, 18], pos: MutableBlockPos{x=146, y=75, z=294}, status: minecraft:features, currently generating: ResourceKey[minecraft:worldgen/placed_feature / hearths:minecraft/nether_wastes/netherrack_lakes]
[30Sep2026 03:33:19.421] [Worker-Main-1/ERROR] [net.minecraft.Util/]: Detected setBlock in a far chunk [3, 18], pos: MutableBlockPos{x=48, y=67, z=290}, status: minecraft:features, currently generating: ResourceKey[minecraft:worldgen/placed_feature / hearths:minecraft/nether_wastes/blackstone_lakes]
[30Sep2026 03:33:19.421] [Worker-Main-1/ERROR] [net.minecraft.Util/]: Detected setBlock in a far chunk [3, 17], pos: MutableBlockPos{x=51, y=68, z=287}, status: minecraft:features, currently generating: ResourceKey[minecraft:worldgen/placed_feature / hearths:minecraft/nether_wastes/blackstone_lakes]
[30Sep2026 03:33:19.421] [Worker-Main-1/ERROR] [net.minecraft.Util/]: Detected setBlock in a far chunk [3, 17], pos: MutableBlockPos{x=49, y=67, z=287}, status: minecraft:features, currently generating: ResourceKey[minecraft:worldgen/placed_feature / hearths:minecraft/nether_wastes/blackstone_lakes]
[30Sep2026 03:33:19.429] [Worker-Main-2/ERROR] [net.minecraft.Util/]: Detected setBlock in a far chunk [0, 18], pos: MutableBlockPos{x=1, y=83, z=298}, status: minecraft:features, currently generating: ResourceKey[minecraft:worldgen/placed_feature / hearths:minecraft/nether_wastes/blackstone_lakes]
[30Sep2026 03:33:19.429] [Worker-Main-2/ERROR] [net.minecraft.Util/]: Detected setBlock in a far chunk [0, 18], pos: MutableBlockPos{x=1, y=82, z=294}, status: minecraft:features, currently generating: ResourceKey[minecraft:worldgen/placed_feature / hearths:minecraft/nether_wastes/blackstone_lakes]
[30Sep2026 03:35:44.606] [Server thread/INFO] [net.minecraft.server.MinecraftServer/]: KMRgamer has made the advancement [Into Fire]
[30Sep2026 03:42:13.102] [Server thread/WARN] [net.minecraft.server.level.ServerLevel/]: Tried to add entity ancient_elements:undead_miner but it was marked as removed already
[30Sep2026 03:43:58.206] [Server thread/WARN] [net.minecraft.server.level.ServerLevel/]: Tried to add entity ancient_elements:stone_golem but it was marked as removed already
[30Sep2026 03:55:46.899] [Server thread/WARN] [net.minecraft.server.level.ServerLevel/]: Tried to add entity ancient_elements:undead_miner but it was marked as removed already
[30Sep2026 03:57:18.273] [Server thread/INFO] [net.minecraft.server.MinecraftServer/]: natthaniel777 has made the advancement [What a Deal!]
[30Sep2026 04:07:42.253] [Server thread/INFO] [net.minecraft.world.entity.npc.Villager/]: Villager Villager['Armorer'/10686, l='ServerLevel[world]', x=-145.50, y=55.71, z=36.50] died, message: 'Armorer tried to swim in lava'
[30Sep2026 04:11:23.058] [Server thread/INFO] [net.minecraft.world.entity.npc.Villager/]: Villager Villager['Armorer'/11459, l='ServerLevel[world]', x=-145.50, y=55.64, z=36.50] died, message: 'Armorer tried to swim in lava'
[30Sep2026 04:13:02.262] [Server thread/INFO] [net.minecraft.world.entity.npc.Villager/]: Villager Villager['Armorer'/11800, l='ServerLevel[world]', x=-135.50, y=55.58, z=36.50] died, message: 'Armorer tried to swim in lava'
[30Sep2026 04:14:48.557] [Server thread/INFO] [net.minecraft.world.entity.npc.Villager/]: Villager Villager['Armorer'/12188, l='ServerLevel[world]', x=-135.48, y=55.82, z=36.52] died, message: 'Armorer tried to swim in lava'
[30Sep2026 04:36:51.349] [Server thread/WARN] [net.minecraft.server.level.ServerLevel/]: Tried to add entity ancient_elements:stone_golem but it was marked as removed already
[30Sep2026 04:37:36.157] [Server thread/INFO] [net.minecraft.world.entity.npc.Villager/]: Villager Villager['Armorer'/15577, l='ServerLevel[world]', x=-135.50, y=55.59, z=36.50] died, message: 'Armorer tried to swim in lava'
[30Sep2026 04:38:45.206] [Server thread/INFO] [net.minecraft.world.entity.npc.Villager/]: Villager Villager['Armorer'/15771, l='ServerLevel[world]', x=-135.50, y=55.84, z=36.50] died, message: 'Armorer tried to swim in lava'
[30Sep2026 04:46:11.355] [Server thread/INFO] [net.minecraft.world.entity.npc.Villager/]: Villager Villager['Armorer'/16805, l='ServerLevel[world]', x=-140.50, y=56.72, z=41.50] died, message: 'Armorer tried to swim in lava'
[30Sep2026 04:46:14.504] [Server thread/INFO] [net.minecraft.world.entity.npc.Villager/]: Villager Villager['Armorer'/16809, l='ServerLevel[world]', x=-140.48, y=56.58, z=41.52] died, message: 'Armorer tried to swim in lava'
[30Sep2026 04:53:48.004] [Server thread/INFO] [net.minecraft.world.entity.npc.Villager/]: Villager Villager['Armorer'/17894, l='ServerLevel[world]', x=-140.48, y=55.60, z=41.52] died, message: 'Armorer tried to swim in lava'
[30Sep2026 04:55:13.956] [Server thread/INFO] [net.minecraft.world.entity.npc.Villager/]: Villager Villager['Armorer'/18144, l='ServerLevel[world]', x=-140.49, y=55.60, z=41.52] died, message: 'Armorer tried to swim in lava'
[30Sep2026 05:10:42.113] [Server thread/INFO] [net.minecraft.server.MinecraftServer/]: natthaniel777 has made the advancement [Voluntary Exile]
[30Sep2026 05:12:42.299] [Server thread/WARN] [net.minecraft.server.level.ServerLevel/]: Tried to add entity ancient_elements:stone_golem but it was marked as removed already
[30Sep2026 05:14:25.307] [Server thread/INFO] [net.minecraft.server.MinecraftServer/]: natthaniel777 has made the advancement [Stay dead]
[30Sep2026 05:14:30.710] [Server thread/INFO] [net.minecraft.server.MinecraftServer/]: natthaniel777 has made the advancement [Source of Evil]
[30Sep2026 05:18:16.105] [Server thread/INFO] [net.minecraft.world.entity.npc.Villager/]: Villager Villager['Armorer'/22255, l='ServerLevel[world]', x=-140.50, y=55.60, z=41.50] died, message: 'Armorer tried to swim in lava'
[30Sep2026 05:53:52.841] [Server thread/INFO] [explorerscompass/]: SearchWorkerManager 8c342c66: RandomSpreadSearchWorker starting with 10000 max radius, 100000 max samples
[30Sep2026 05:53:53.716] [Server thread/INFO] [explorerscompass/]: SearchWorkerManager 8c342c66: RandomSpreadSearchWorker succeeded with 1755 radius, 5 samples
[30Sep2026 05:56:23.910] [Server thread/INFO] [net.minecraft.server.network.ServerGamePacketListenerImpl/]: KMRgamer lost connection: Disconnected
[30Sep2026 05:56:23.911] [Server thread/INFO] [net.minecraft.server.MinecraftServer/]: KMRgamer left the game
[30Sep2026 05:57:05.557] [Server thread/WARN] [net.minecraft.world.level.chunk.LevelChunk/]: Tried to load a block entity for block Block{minecraft:fletching_table} but failed at location BlockPos{x=197, y=-54, z=-186}
[30Sep2026 05:57:05.558] [Server thread/WARN] [net.minecraft.world.level.chunk.LevelChunk/]: Tried to load a block entity for block Block{minecraft:fletching_table} but failed at location BlockPos{x=198, y=-54, z=-185}
[30Sep2026 06:00:43.721] [Server thread/INFO] [net.minecraft.server.network.ServerGamePacketListenerImpl/]: natthaniel777 lost connection: Disconnected
[30Sep2026 06:00:43.721] [Server thread/INFO] [net.minecraft.server.MinecraftServer/]: natthaniel777 left the game
[30Sep2026 06:00:58.560] [Server thread/INFO] [net.minecraft.server.MinecraftServer/]: Stopping the server
[30Sep2026 06:00:58.582] [Server console handler/ERROR] [net.minecraft.server.dedicated.DedicatedServer/]: Caught previously unhandled exception :
java.io.IOError: java.io.IOException: Error executing 'stty -a': stty: 'standard input': Input/output error
	at org.jline.terminal.impl.AbstractPosixTerminal.setAttributes(AbstractPosixTerminal.java:54) ~[jline-terminal-3.12.1.jar%2364!/:?]
	at org.jline.reader.impl.LineReaderImpl.readLine(LineReaderImpl.java:650) ~[jline-reader-3.12.1.jar%2363!/:?]
	at org.jline.reader.impl.LineReaderImpl.readLine(LineReaderImpl.java:418) ~[jline-reader-3.12.1.jar%2363!/:?]
	at net.minecraftforge.server.console.TerminalHandler.handleCommands(TerminalHandler.java:46) ~[forge-1.20.1-47.3.7-universal.jar%23378!/:?]
	at net.minecraft.server.dedicated.DedicatedServer$1.run(DedicatedServer.java:84) ~[server-1.20.1-20230612.114412-srg.jar%23373!/:?]
Caused by: java.io.IOException: Error executing 'stty -a': stty: 'standard input': Input/output error
	at org.jline.utils.ExecHelper.exec(ExecHelper.java:42) ~[jline-terminal-3.12.1.jar%2364!/:?]
	at org.jline.terminal.impl.ExecPty.doGetConfig(ExecPty.java:175) ~[jline-terminal-3.12.1.jar%2364!/:?]
	at org.jline.terminal.impl.ExecPty.getAttr(ExecPty.java:87) ~[jline-terminal-3.12.1.jar%2364!/:?]
	at org.jline.terminal.impl.ExecPty.doSetAttr(ExecPty.java:93) ~[jline-terminal-3.12.1.jar%2364!/:?]
	at org.jline.terminal.impl.AbstractPty.setAttr(AbstractPty.java:29) ~[jline-terminal-3.12.1.jar%2364!/:?]
	at org.jline.terminal.impl.AbstractPosixTerminal.setAttributes(AbstractPosixTerminal.java:52) ~[jline-terminal-3.12.1.jar%2364!/:?]
	... 4 more
[30Sep2026 06:00:58.596] [Server thread/INFO] [net.minecraft.server.MinecraftServer/]: Stopping server
[30Sep2026 06:00:58.597] [Server thread/INFO] [net.minecraft.server.MinecraftServer/]: Saving players
[30Sep2026 06:00:58.597] [Server thread/INFO] [net.minecraft.server.MinecraftServer/]: Saving worlds
[30Sep2026 06:00:58.770] [Server thread/INFO] [net.minecraft.server.MinecraftServer/]: Saving chunks for level 'ServerLevel[world]'/minecraft:overworld
[30Sep2026 06:00:59.539] [Server thread/INFO] [net.minecraft.server.MinecraftServer/]: Saving chunks for level 'ServerLevel[world]'/minecraft:the_end
[30Sep2026 06:00:59.540] [Server thread/INFO] [net.minecraft.server.MinecraftServer/]: Saving chunks for level 'ServerLevel[world]'/faded_conquest_2:the_abyss
[30Sep2026 06:00:59.541] [Server thread/INFO] [net.minecraft.server.MinecraftServer/]: Saving chunks for level 'ServerLevel[world]'/minecraft:the_nether
[30Sep2026 06:00:59.556] [Server thread/INFO] [net.minecraft.server.MinecraftServer/]: Saving chunks for level 'ServerLevel[world]'/graveyard:past
[30Sep2026 06:00:59.557] [Server thread/INFO] [net.minecraft.server.MinecraftServer/]: Saving chunks for level 'ServerLevel[world]'/aether:the_aether
[30Sep2026 06:00:59.558] [Server thread/INFO] [net.minecraft.server.MinecraftServer/]: Saving chunks for level 'ServerLevel[world]'/faded_conquest_2:the_mirror_realm
[30Sep2026 06:00:59.675] [Server thread/INFO] [net.minecraft.server.MinecraftServer/]: ThreadedAnvilChunkStorage (world): All chunks are saved
[30Sep2026 06:00:59.675] [Server thread/INFO] [net.minecraft.server.MinecraftServer/]: ThreadedAnvilChunkStorage (DIM1): All chunks are saved
[30Sep2026 06:00:59.675] [Server thread/INFO] [net.minecraft.server.MinecraftServer/]: ThreadedAnvilChunkStorage (the_abyss): All chunks are saved
[30Sep2026 06:00:59.675] [Server thread/INFO] [net.minecraft.server.MinecraftServer/]: ThreadedAnvilChunkStorage (DIM-1): All chunks are saved
[30Sep2026 06:00:59.675] [Server thread/INFO] [net.minecraft.server.MinecraftServer/]: ThreadedAnvilChunkStorage (past): All chunks are saved
[30Sep2026 06:00:59.675] [Server thread/INFO] [net.minecraft.server.MinecraftServer/]: ThreadedAnvilChunkStorage (the_aether): All chunks are saved
[30Sep2026 06:00:59.675] [Server thread/INFO] [net.minecraft.server.MinecraftServer/]: ThreadedAnvilChunkStorage (the_mirror_realm): All chunks are saved
[30Sep2026 06:00:59.675] [Server thread/INFO] [net.minecraft.server.MinecraftServer/]: ThreadedAnvilChunkStorage: All dimensions are saved
[30Sep2026 06:00:59.727] [Server thread/INFO] [Framework/]: Unloading server configs...
[30Sep2026 06:00:59.728] [Server thread/INFO] [Framework/]: Sending config unload event for goblintraders-entities.toml
[30Sep2026 06:00:59.729] [Server thread/INFO] [Framework/]: Finished unloading server configs
